m_val,a_val,dC_dr
-2,0,0
-1.99956,0,0
-1.99646,0,0
-1.98807,0,0
-1.97171,0,0
-1.94475,0,0
-1.90453,0,0
-1.8484,0,0
-1.7737,0,0
-1.67779,0,0
-1.55801,0,0
-1.41171,0,0
-1.23624,0,0
-1.02894,0,0
-0.787172,0,0
-0.508275,0,0
-0.189598,0,0
0.17151,0,0
0.577701,0,0
1.03163,0,0
1.53594,0,0
2.09329,0,0
2.70634,0,0
3.37773,0,0
4.11011,0,0
4.90614,0,0
5.76846,0,0
6.69974,0,0
7.70262,0,0
8.77976,0,0
9.9338,0,0
11.1674,0,0
12.4832,0,0
13.8839,0,0
15.3721,0,0
16.9504,0,0
18.6216,0,0
20.3883,0,0
22.253,0,0
24.2186,0,0
26.2875,0,0
28.4626,0,0
30.7464,0,0
33.1415,0,0
35.6507,0,0
38.2766,0,0
41.0218,0,0
43.889,0,0
46.8809,0,0
50,0,0
-2,0.0657462,0
-1.99956,0.0657462,0
-1.99646,0.0657462,0
-1.98807,0.0657462,0
-1.97171,0.0657462,0
-1.94475,0.0657462,0
-1.90453,0.0657462,0
-1.8484,0.0657462,0
-1.7737,0.0657462,0
-1.67779,0.0657462,0
-1.55801,0.0657462,0
-1.41171,0.0657462,0
-1.23624,0.0657462,0
-1.02894,0.0657462,0
-0.787172,0.0657462,0
-0.508275,0.0657462,0
-0.189598,0.0657462,0
0.17151,0.0657462,0
0.577701,0.0657462,0
1.03163,0.0657462,0
1.53594,0.0657462,0
2.09329,0.0657462,0
2.70634,0.0657462,0
3.37773,0.0657462,0
4.11011,0.0657462,0
4.90614,0.0657462,0
5.76846,0.0657462,0
6.69974,0.0657462,0
7.70262,0.0657462,0
8.77976,0.0657462,0
9.9338,0.0657462,0
11.1674,0.0657462,0
12.4832,0.0657462,0
13.8839,0.0657462,0
15.3721,0.0657462,0
16.9504,0.0657462,0
18.6216,0.0657462,0
20.3883,0.0657462,0
22.253,0.0657462,0
24.2186,0.0657462,0
26.2875,0.0657462,0
28.4626,0.0657462,0
30.7464,0.0657462,0
33.1415,0.0657462,0
35.6507,0.0657462,0
38.2766,0.0657462,0
41.0218,0.0657462,0
43.889,0.0657462,0
46.8809,0.0657462,0
50,0.0657462,0
-2,0.262985,0
-1.99956,0.262985,0
-1.99646,0.262985,0
-1.98807,0.262985,0
-1.97171,0.262985,0
-1.94475,0.262985,0
-1.90453,0.262985,0
-1.8484,0.262985,0
-1.7737,0.262985,0
-1.67779,0.262985,0
-1.55801,0.262985,0
-1.41171,0.262985,0
-1.23624,0.262985,0
-1.02894,0.262985,0
-0.787172,0.262985,0
-0.508275,0.262985,0
-0.189598,0.262985,0
0.17151,0.262985,0
0.577701,0.262985,0
1.03163,0.262985,0
1.53594,0.262985,0
2.09329,0.262985,0
2.70634,0.262985,0
3.37773,0.262985,0
4.11011,0.262985,0
4.90614,0.262985,0
5.76846,0.262985,0
6.69974,0.262985,0
7.70262,0.262985,0
8.77976,0.262985,0
9.9338,0.262985,0
11.1674,0.262985,0
12.4832,0.262985,0
13.8839,0.262985,0
15.3721,0.262985,0
16.9504,0.262985,0
18.6216,0.262985,0
20.3883,0.262985,0
22.253,0.262985,0
24.2186,0.262985,0
26.2875,0.262985,0
28.4626,0.262985,0
30.7464,0.262985,0
33.1415,0.262985,0
35.6507,0.262985,0
38.2766,0.262985,0
41.0218,0.262985,0
43.889,0.262985,0
46.8809,0.262985,0
50,0.262985,0
-2,0.591716,0
-1.99956,0.591716,0
-1.99646,0.591716,0
-1.98807,0.591716,0
-1.97171,0.591716,0
-1.94475,0.591716,0
-1.90453,0.591716,0
-1.8484,0.591716,0
-1.7737,0.591716,0
-1.67779,0.591716,0
-1.55801,0.591716,0
-1.41171,0.591716,0
-1.23624,0.591716,0
-1.02894,0.591716,0
-0.787172,0.591716,0
-0.508275,0.591716,0
-0.189598,0.591716,0
0.17151,0.591716,0
0.577701,0.591716,0
1.03163,0.591716,0
1.53594,0.591716,0
2.09329,0.591716,0
2.70634,0.591716,0
3.37773,0.591716,0
4.11011,0.591716,0
4.90614,0.591716,0
5.76846,0.591716,0
6.69974,0.591716,0
7.70262,0.591716,0
8.77976,0.591716,0
9.9338,0.591716,0
11.1674,0.591716,0
12.4832,0.591716,0
13.8839,0.591716,0
15.3721,0.591716,0
16.9504,0.591716,0
18.6216,0.591716,0
20.3883,0.591716,0
22.253,0.591716,0
24.2186,0.591716,0
26.2875,0.591716,0
28.4626,0.591716,0
30.7464,0.591716,0
33.1415,0.591716,0
35.6507,0.591716,0
38.2766,0.591716,0
41.0218,0.591716,0
43.889,0.591716,0
46.8809,0.591716,0
50,0.591716,0
-2,1.05194,0
-1.99956,1.05194,0
-1.99646,1.05194,0
-1.98807,1.05194,0
-1.97171,1.05194,0
-1.94475,1.05194,0
-1.90453,1.05194,0
-1.8484,1.05194,0
-1.7737,1.05194,0
-1.67779,1.05194,0
-1.55801,1.05194,0
-1.41171,1.05194,0
-1.23624,1.05194,0
-1.02894,1.05194,0
-0.787172,1.05194,0
-0.508275,1.05194,0
-0.189598,1.05194,0
0.17151,1.05194,0
0.577701,1.05194,0
1.03163,1.05194,0
1.53594,1.05194,0
2.09329,1.05194,0
2.70634,1.05194,0
3.37773,1.05194,0
4.11011,1.05194,0
4.90614,1.05194,0
5.76846,1.05194,0
6.69974,1.05194,0
7.70262,1.05194,0
8.77976,1.05194,0
9.9338,1.05194,0
11.1674,1.05194,0
12.4832,1.05194,0
13.8839,1.05194,0
15.3721,1.05194,0
16.9504,1.05194,0
18.6216,1.05194,0
20.3883,1.05194,0
22.253,1.05194,0
24.2186,1.05194,0
26.2875,1.05194,0
28.4626,1.05194,0
30.7464,1.05194,0
33.1415,1.05194,0
35.6507,1.05194,0
38.2766,1.05194,0
41.0218,1.05194,0
43.889,1.05194,0
46.8809,1.05194,0
50,1.05194,0
-2,1.64366,0
-1.99956,1.64366,0
-1.99646,1.64366,0
-1.98807,1.64366,0
-1.97171,1.64366,0
-1.94475,1.64366,0
-1.90453,1.64366,0
-1.8484,1.64366,0
-1.7737,1.64366,0
-1.67779,1.64366,0
-1.55801,1.64366,0
-1.41171,1.64366,0
-1.23624,1.64366,0
-1.02894,1.64366,0
-0.787172,1.64366,0
-0.508275,1.64366,0
-0.189598,1.64366,0
0.17151,1.64366,0
0.577701,1.64366,0
1.03163,1.64366,0
1.53594,1.64366,0
2.09329,1.64366,0
2.70634,1.64366,0
3.37773,1.64366,0
4.11011,1.64366,0
4.90614,1.64366,0
5.76846,1.64366,0
6.69974,1.64366,0
7.70262,1.64366,0
8.77976,1.64366,0
9.9338,1.64366,0
11.1674,1.64366,0
12.4832,1.64366,0
13.8839,1.64366,0
15.3721,1.64366,0
16.9504,1.64366,0
18.6216,1.64366,0
20.3883,1.64366,0
22.253,1.64366,0
24.2186,1.64366,0
26.2875,1.64366,0
28.4626,1.64366,0
30.7464,1.64366,0
33.1415,1.64366,0
35.6507,1.64366,0
38.2766,1.64366,0
41.0218,1.64366,0
43.889,1.64366,0
46.8809,1.64366,0
50,1.64366,0
-2,2.36686,0
-1.99956,2.36686,0
-1.99646,2.36686,0
-1.98807,2.36686,0
-1.97171,2.36686,0
-1.94475,2.36686,0
-1.90453,2.36686,0
-1.8484,2.36686,0
-1.7737,2.36686,0
-1.67779,2.36686,0
-1.55801,2.36686,0
-1.41171,2.36686,0
-1.23624,2.36686,0
-1.02894,2.36686,0
-0.787172,2.36686,0
-0.508275,2.36686,0
-0.189598,2.36686,0
0.17151,2.36686,0
0.577701,2.36686,0
1.03163,2.36686,0
1.53594,2.36686,0
2.09329,2.36686,0
2.70634,2.36686,0
3.37773,2.36686,0
4.11011,2.36686,0
4.90614,2.36686,0
5.76846,2.36686,0
6.69974,2.36686,0
7.70262,2.36686,0
8.77976,2.36686,0
9.9338,2.36686,0
11.1674,2.36686,0
12.4832,2.36686,0
13.8839,2.36686,0
15.3721,2.36686,0
16.9504,2.36686,0
18.6216,2.36686,0
20.3883,2.36686,0
22.253,2.36686,0
24.2186,2.36686,0
26.2875,2.36686,0
28.4626,2.36686,0
30.7464,2.36686,0
33.1415,2.36686,0
35.6507,2.36686,0
38.2766,2.36686,0
41.0218,2.36686,0
43.889,2.36686,0
46.8809,2.36686,0
50,2.36686,0
-2,3.22156,0
-1.99956,3.22156,0
-1.99646,3.22156,0
-1.98807,3.22156,0
-1.97171,3.22156,0
-1.94475,3.22156,0
-1.90453,3.22156,0
-1.8484,3.22156,0
-1.7737,3.22156,0
-1.67779,3.22156,0
-1.55801,3.22156,0
-1.41171,3.22156,0
-1.23624,3.22156,0
-1.02894,3.22156,0
-0.787172,3.22156,0
-0.508275,3.22156,0
-0.189598,3.22156,0
0.17151,3.22156,0
0.577701,3.22156,0
1.03163,3.22156,0
1.53594,3.22156,0
2.09329,3.22156,0
2.70634,3.22156,0
3.37773,3.22156,0
4.11011,3.22156,0
4.90614,3.22156,0
5.76846,3.22156,0
6.69974,3.22156,0
7.70262,3.22156,0
8.77976,3.22156,0
9.9338,3.22156,0
11.1674,3.22156,0
12.4832,3.22156,0
13.8839,3.22156,0
15.3721,3.22156,0
16.9504,3.22156,0
18.6216,3.22156,0
20.3883,3.22156,0
22.253,3.22156,0
24.2186,3.22156,0
26.2875,3.22156,0
28.4626,3.22156,0
30.7464,3.22156,0
33.1415,3.22156,0
35.6507,3.22156,0
38.2766,3.22156,0
41.0218,3.22156,0
43.889,3.22156,0
46.8809,3.22156,0
50,3.22156,0
-2,4.20776,0
-1.99956,4.20776,0
-1.99646,4.20776,0
-1.98807,4.20776,0
-1.97171,4.20776,0
-1.94475,4.20776,0
-1.90453,4.20776,0
-1.8484,4.20776,0
-1.7737,4.20776,0
-1.67779,4.20776,0
-1.55801,4.20776,0
-1.41171,4.20776,0
-1.23624,4.20776,0
-1.02894,4.20776,0
-0.787172,4.20776,0
-0.508275,4.20776,0
-0.189598,4.20776,0
0.17151,4.20776,0
0.577701,4.20776,0
1.03163,4.20776,0
1.53594,4.20776,0
2.09329,4.20776,0
2.70634,4.20776,0
3.37773,4.20776,0
4.11011,4.20776,0
4.90614,4.20776,0
5.76846,4.20776,0
6.69974,4.20776,0
7.70262,4.20776,0
8.77976,4.20776,0
9.9338,4.20776,0
11.1674,4.20776,0
12.4832,4.20776,0
13.8839,4.20776,0
15.3721,4.20776,0
16.9504,4.20776,0
18.6216,4.20776,0
20.3883,4.20776,0
22.253,4.20776,0
24.2186,4.20776,0
26.2875,4.20776,0
28.4626,4.20776,0
30.7464,4.20776,0
33.1415,4.20776,0
35.6507,4.20776,0
38.2766,4.20776,0
41.0218,4.20776,0
43.889,4.20776,0
46.8809,4.20776,0
50,4.20776,0
-2,5.32544,0
-1.99956,5.32544,0
-1.99646,5.32544,0
-1.98807,5.32544,0
-1.97171,5.32544,0
-1.94475,5.32544,0
-1.90453,5.32544,0
-1.8484,5.32544,0
-1.7737,5.32544,0
-1.67779,5.32544,0
-1.55801,5.32544,0
-1.41171,5.32544,0
-1.23624,5.32544,0
-1.02894,5.32544,0
-0.787172,5.32544,0
-0.508275,5.32544,0
-0.189598,5.32544,0
0.17151,5.32544,0
0.577701,5.32544,0
1.03163,5.32544,0
1.53594,5.32544,0
2.09329,5.32544,0
2.70634,5.32544,0
3.37773,5.32544,0
4.11011,5.32544,0
4.90614,5.32544,0
5.76846,5.32544,0
6.69974,5.32544,0
7.70262,5.32544,0
8.77976,5.32544,0
9.9338,5.32544,0
11.1674,5.32544,0
12.4832,5.32544,0
13.8839,5.32544,0
15.3721,5.32544,0
16.9504,5.32544,0
18.6216,5.32544,0
20.3883,5.32544,0
22.253,5.32544,0
24.2186,5.32544,0
26.2875,5.32544,0
28.4626,5.32544,0
30.7464,5.32544,0
33.1415,5.32544,0
35.6507,5.32544,0
38.2766,5.32544,0
41.0218,5.32544,0
43.889,5.32544,0
46.8809,5.32544,0
50,5.32544,0
-2,6.57462,0
-1.99956,6.57462,0
-1.99646,6.57462,0
-1.98807,6.57462,0
-1.97171,6.57462,0
-1.94475,6.57462,0
-1.90453,6.57462,0
-1.8484,6.57462,0
-1.7737,6.57462,0
-1.67779,6.57462,0
-1.55801,6.57462,0
-1.41171,6.57462,0
-1.23624,6.57462,0
-1.02894,6.57462,0
-0.787172,6.57462,0
-0.508275,6.57462,0
-0.189598,6.57462,0
0.17151,6.57462,0
0.577701,6.57462,0
1.03163,6.57462,0
1.53594,6.57462,0
2.09329,6.57462,0
2.70634,6.57462,0
3.37773,6.57462,0
4.11011,6.57462,0
4.90614,6.57462,0
5.76846,6.57462,0
6.69974,6.57462,0
7.70262,6.57462,0
8.77976,6.57462,0
9.9338,6.57462,0
11.1674,6.57462,0
12.4832,6.57462,0
13.8839,6.57462,0
15.3721,6.57462,0
16.9504,6.57462,0
18.6216,6.57462,0
20.3883,6.57462,0
22.253,6.57462,0
24.2186,6.57462,0
26.2875,6.57462,0
28.4626,6.57462,0
30.7464,6.57462,0
33.1415,6.57462,0
35.6507,6.57462,0
38.2766,6.57462,0
41.0218,6.57462,0
43.889,6.57462,0
46.8809,6.57462,0
50,6.57462,0
-2,7.95529,0
-1.99956,7.95529,0
-1.99646,7.95529,0
-1.98807,7.95529,0
-1.97171,7.95529,0
-1.94475,7.95529,0
-1.90453,7.95529,0
-1.8484,7.95529,0
-1.7737,7.95529,0
-1.67779,7.95529,0
-1.55801,7.95529,0
-1.41171,7.95529,0
-1.23624,7.95529,0
-1.02894,7.95529,0
-0.787172,7.95529,0
-0.508275,7.95529,0
-0.189598,7.95529,0
0.17151,7.95529,0
0.577701,7.95529,0
1.03163,7.95529,0
1.53594,7.95529,0
2.09329,7.95529,0
2.70634,7.95529,0
3.37773,7.95529,0
4.11011,7.95529,0
4.90614,7.95529,0
5.76846,7.95529,0
6.69974,7.95529,0
7.70262,7.95529,0
8.77976,7.95529,0
9.9338,7.95529,0
11.1674,7.95529,0
12.4832,7.95529,0
13.8839,7.95529,0
15.3721,7.95529,0
16.9504,7.95529,0
18.6216,7.95529,0
20.3883,7.95529,0
22.253,7.95529,0
24.2186,7.95529,0
26.2875,7.95529,0
28.4626,7.95529,0
30.7464,7.95529,0
33.1415,7.95529,0
35.6507,7.95529,0
38.2766,7.95529,0
41.0218,7.95529,0
43.889,7.95529,0
46.8809,7.95529,0
50,7.95529,0
-2,9.46746,0
-1.99956,9.46746,0
-1.99646,9.46746,0
-1.98807,9.46746,0
-1.97171,9.46746,0
-1.94475,9.46746,0
-1.90453,9.46746,0
-1.8484,9.46746,0
-1.7737,9.46746,0
-1.67779,9.46746,0
-1.55801,9.46746,0
-1.41171,9.46746,0
-1.23624,9.46746,0
-1.02894,9.46746,0
-0.787172,9.46746,0
-0.508275,9.46746,0
-0.189598,9.46746,0
0.17151,9.46746,0
0.577701,9.46746,0
1.03163,9.46746,0
1.53594,9.46746,0
2.09329,9.46746,0
2.70634,9.46746,0
3.37773,9.46746,0
4.11011,9.46746,0
4.90614,9.46746,0
5.76846,9.46746,0
6.69974,9.46746,0
7.70262,9.46746,0
8.77976,9.46746,0
9.9338,9.46746,0
11.1674,9.46746,0
12.4832,9.46746,0
13.8839,9.46746,0
15.3721,9.46746,0
16.9504,9.46746,0
18.6216,9.46746,0
20.3883,9.46746,0
22.253,9.46746,0
24.2186,9.46746,0
26.2875,9.46746,0
28.4626,9.46746,0
30.7464,9.46746,0
33.1415,9.46746,0
35.6507,9.46746,0
38.2766,9.46746,0
41.0218,9.46746,0
43.889,9.46746,0
46.8809,9.46746,0
50,9.46746,0
-2,11.1111,0
-1.99956,11.1111,0
-1.99646,11.1111,0
-1.98807,11.1111,0
-1.97171,11.1111,0
-1.94475,11.1111,0
-1.90453,11.1111,0
-1.8484,11.1111,0
-1.7737,11.1111,0
-1.67779,11.1111,0
-1.55801,11.1111,0
-1.41171,11.1111,0
-1.23624,11.1111,0
-1.02894,11.1111,0
-0.787172,11.1111,0
-0.508275,11.1111,0
-0.189598,11.1111,0
0.17151,11.1111,0
0.577701,11.1111,0
1.03163,11.1111,0
1.53594,11.1111,0
2.09329,11.1111,0
2.70634,11.1111,0
3.37773,11.1111,0
4.11011,11.1111,0
4.90614,11.1111,0
5.76846,11.1111,0
6.69974,11.1111,0
7.70262,11.1111,0
8.77976,11.1111,0
9.9338,11.1111,0
11.1674,11.1111,0
12.4832,11.1111,0
13.8839,11.1111,0
15.3721,11.1111,0
16.9504,11.1111,0
18.6216,11.1111,0
20.3883,11.1111,0
22.253,11.1111,0
24.2186,11.1111,0
26.2875,11.1111,0
28.4626,11.1111,0
30.7464,11.1111,0
33.1415,11.1111,0
35.6507,11.1111,0
38.2766,11.1111,0
41.0218,11.1111,0
43.889,11.1111,0
46.8809,11.1111,0
50,11.1111,0
-2,12.8863,0
-1.99956,12.8863,0
-1.99646,12.8863,0
-1.98807,12.8863,0
-1.97171,12.8863,0
-1.94475,12.8863,0
-1.90453,12.8863,0
-1.8484,12.8863,0
-1.7737,12.8863,0
-1.67779,12.8863,0
-1.55801,12.8863,0
-1.41171,12.8863,0
-1.23624,12.8863,0
-1.02894,12.8863,0
-0.787172,12.8863,0
-0.508275,12.8863,0
-0.189598,12.8863,0
0.17151,12.8863,0
0.577701,12.8863,0
1.03163,12.8863,0
1.53594,12.8863,0
2.09329,12.8863,0
2.70634,12.8863,0
3.37773,12.8863,0
4.11011,12.8863,0
4.90614,12.8863,0
5.76846,12.8863,0
6.69974,12.8863,0
7.70262,12.8863,0
8.77976,12.8863,0
9.9338,12.8863,0
11.1674,12.8863,0
12.4832,12.8863,0
13.8839,12.8863,0
15.3721,12.8863,0
16.9504,12.8863,0
18.6216,12.8863,0
20.3883,12.8863,0
22.253,12.8863,0
24.2186,12.8863,0
26.2875,12.8863,0
28.4626,12.8863,0
30.7464,12.8863,0
33.1415,12.8863,0
35.6507,12.8863,0
38.2766,12.8863,0
41.0218,12.8863,0
43.889,12.8863,0
46.8809,12.8863,0
50,12.8863,0
-2,14.7929,0
-1.99956,14.7929,0
-1.99646,14.7929,0
-1.98807,14.7929,0
-1.97171,14.7929,0
-1.94475,14.7929,0
-1.90453,14.7929,0
-1.8484,14.7929,0
-1.7737,14.7929,0
-1.67779,14.7929,0
-1.55801,14.7929,0
-1.41171,14.7929,0
-1.23624,14.7929,0
-1.02894,14.7929,0
-0.787172,14.7929,0
-0.508275,14.7929,0
-0.189598,14.7929,0
0.17151,14.7929,0
0.577701,14.7929,0
1.03163,14.7929,0
1.53594,14.7929,0
2.09329,14.7929,0
2.70634,14.7929,0
3.37773,14.7929,0
4.11011,14.7929,0
4.90614,14.7929,0
5.76846,14.7929,0
6.69974,14.7929,0
7.70262,14.7929,0
8.77976,14.7929,0
9.9338,14.7929,0
11.1674,14.7929,0
12.4832,14.7929,0
13.8839,14.7929,0
15.3721,14.7929,0
16.9504,14.7929,0
18.6216,14.7929,0
20.3883,14.7929,0
22.253,14.7929,0
24.2186,14.7929,0
26.2875,14.7929,0
28.4626,14.7929,0
30.7464,14.7929,0
33.1415,14.7929,0
35.6507,14.7929,0
38.2766,14.7929,0
41.0218,14.7929,0
43.889,14.7929,0
46.8809,14.7929,0
50,14.7929,0
-2,16.831,0
-1.99956,16.831,0
-1.99646,16.831,0
-1.98807,16.831,0
-1.97171,16.831,0
-1.94475,16.831,0
-1.90453,16.831,0
-1.8484,16.831,0
-1.7737,16.831,0
-1.67779,16.831,0
-1.55801,16.831,0
-1.41171,16.831,0
-1.23624,16.831,0
-1.02894,16.831,0
-0.787172,16.831,0
-0.508275,16.831,0
-0.189598,16.831,0
0.17151,16.831,0
0.577701,16.831,0
1.03163,16.831,0
1.53594,16.831,0
2.09329,16.831,0
2.70634,16.831,0
3.37773,16.831,0
4.11011,16.831,0
4.90614,16.831,0
5.76846,16.831,0
6.69974,16.831,0
7.70262,16.831,0
8.77976,16.831,0
9.9338,16.831,0
11.1674,16.831,0
12.4832,16.831,0
13.8839,16.831,0
15.3721,16.831,0
16.9504,16.831,0
18.6216,16.831,0
20.3883,16.831,0
22.253,16.831,0
24.2186,16.831,0
26.2875,16.831,0
28.4626,16.831,0
30.7464,16.831,0
33.1415,16.831,0
35.6507,16.831,0
38.2766,16.831,0
41.0218,16.831,0
43.889,16.831,0
46.8809,16.831,0
50,16.831,0
-2,19.0007,0
-1.99956,19.0007,0
-1.99646,19.0007,0
-1.98807,19.0007,0
-1.97171,19.0007,0
-1.94475,19.0007,0
-1.90453,19.0007,0
-1.8484,19.0007,0
-1.7737,19.0007,0
-1.67779,19.0007,0
-1.55801,19.0007,0
-1.41171,19.0007,0
-1.23624,19.0007,0
-1.02894,19.0007,0
-0.787172,19.0007,0
-0.508275,19.0007,0
-0.189598,19.0007,0
0.17151,19.0007,0
0.577701,19.0007,0
1.03163,19.0007,0
1.53594,19.0007,0
2.09329,19.0007,0
2.70634,19.0007,0
3.37773,19.0007,0
4.11011,19.0007,0
4.90614,19.0007,0
5.76846,19.0007,0
6.69974,19.0007,0
7.70262,19.0007,0
8.77976,19.0007,0
9.9338,19.0007,0
11.1674,19.0007,0
12.4832,19.0007,0
13.8839,19.0007,0
15.3721,19.0007,0
16.9504,19.0007,0
18.6216,19.0007,0
20.3883,19.0007,0
22.253,19.0007,0
24.2186,19.0007,0
26.2875,19.0007,0
28.4626,19.0007,0
30.7464,19.0007,0
33.1415,19.0007,0
35.6507,19.0007,0
38.2766,19.0007,0
41.0218,19.0007,0
43.889,19.0007,0
46.8809,19.0007,0
50,19.0007,0
-2,21.3018,0
-1.99956,21.3018,0
-1.99646,21.3018,0
-1.98807,21.3018,0
-1.97171,21.3018,0
-1.94475,21.3018,0
-1.90453,21.3018,0
-1.8484,21.3018,0
-1.7737,21.3018,0
-1.67779,21.3018,0
-1.55801,21.3018,0
-1.41171,21.3018,0
-1.23624,21.3018,0
-1.02894,21.3018,0
-0.787172,21.3018,0
-0.508275,21.3018,0
-0.189598,21.3018,0
0.17151,21.3018,0
0.577701,21.3018,0
1.03163,21.3018,0
1.53594,21.3018,0
2.09329,21.3018,0
2.70634,21.3018,0
3.37773,21.3018,0
4.11011,21.3018,0
4.90614,21.3018,0
5.76846,21.3018,0
6.69974,21.3018,0
7.70262,21.3018,0
8.77976,21.3018,0
9.9338,21.3018,0
11.1674,21.3018,0
12.4832,21.3018,0
13.8839,21.3018,0
15.3721,21.3018,0
16.9504,21.3018,0
18.6216,21.3018,0
20.3883,21.3018,0
22.253,21.3018,0
24.2186,21.3018,0
26.2875,21.3018,0
28.4626,21.3018,0
30.7464,21.3018,0
33.1415,21.3018,0
35.6507,21.3018,0
38.2766,21.3018,0
41.0218,21.3018,0
43.889,21.3018,0
46.8809,21.3018,0
50,21.3018,0
-2,23.7344,0
-1.99956,23.7344,0
-1.99646,23.7344,0
-1.98807,23.7344,0
-1.97171,23.7344,0
-1.94475,23.7344,0
-1.90453,23.7344,0
-1.8484,23.7344,0
-1.7737,23.7344,0
-1.67779,23.7344,0
-1.55801,23.7344,0
-1.41171,23.7344,0
-1.23624,23.7344,0
-1.02894,23.7344,0
-0.787172,23.7344,0
-0.508275,23.7344,0
-0.189598,23.7344,0
0.17151,23.7344,0
0.577701,23.7344,0
1.03163,23.7344,0
1.53594,23.7344,0
2.09329,23.7344,0
2.70634,23.7344,0
3.37773,23.7344,0
4.11011,23.7344,0
4.90614,23.7344,0
5.76846,23.7344,0
6.69974,23.7344,0
7.70262,23.7344,0
8.77976,23.7344,0
9.9338,23.7344,0
11.1674,23.7344,0
12.4832,23.7344,0
13.8839,23.7344,0
15.3721,23.7344,0
16.9504,23.7344,0
18.6216,23.7344,0
20.3883,23.7344,0
22.253,23.7344,0
24.2186,23.7344,0
26.2875,23.7344,0
28.4626,23.7344,0
30.7464,23.7344,0
33.1415,23.7344,0
35.6507,23.7344,0
38.2766,23.7344,0
41.0218,23.7344,0
43.889,23.7344,0
46.8809,23.7344,0
50,23.7344,0
-2,26.2985,0
-1.99956,26.2985,0
-1.99646,26.2985,0
-1.98807,26.2985,0
-1.97171,26.2985,0
-1.94475,26.2985,0
-1.90453,26.2985,0
-1.8484,26.2985,0
-1.7737,26.2985,0
-1.67779,26.2985,0
-1.55801,26.2985,0
-1.41171,26.2985,0
-1.23624,26.2985,0
-1.02894,26.2985,0
-0.787172,26.2985,0
-0.508275,26.2985,0
-0.189598,26.2985,0
0.17151,26.2985,0
0.577701,26.2985,0
1.03163,26.2985,0
1.53594,26.2985,0
2.09329,26.2985,0
2.70634,26.2985,0
3.37773,26.2985,0
4.11011,26.2985,0
4.90614,26.2985,0
5.76846,26.2985,0
6.69974,26.2985,0
7.70262,26.2985,0
8.77976,26.2985,0
9.9338,26.2985,0
11.1674,26.2985,0
12.4832,26.2985,0
13.8839,26.2985,0
15.3721,26.2985,0
16.9504,26.2985,0
18.6216,26.2985,0
20.3883,26.2985,0
22.253,26.2985,0
24.2186,26.2985,0
26.2875,26.2985,0
28.4626,26.2985,0
30.7464,26.2985,0
33.1415,26.2985,0
35.6507,26.2985,0
38.2766,26.2985,0
41.0218,26.2985,0
43.889,26.2985,0
46.8809,26.2985,0
50,26.2985,0
-2,28.9941,0
-1.99956,28.9941,0
-1.99646,28.9941,0
-1.98807,28.9941,0
-1.97171,28.9941,0
-1.94475,28.9941,0
-1.90453,28.9941,0
-1.8484,28.9941,0
-1.7737,28.9941,0
-1.67779,28.9941,0
-1.55801,28.9941,0
-1.41171,28.9941,0
-1.23624,28.9941,0
-1.02894,28.9941,0
-0.787172,28.9941,0
-0.508275,28.9941,0
-0.189598,28.9941,0
0.17151,28.9941,0
0.577701,28.9941,0
1.03163,28.9941,0
1.53594,28.9941,0
2.09329,28.9941,0
2.70634,28.9941,0
3.37773,28.9941,0
4.11011,28.9941,0
4.90614,28.9941,0
5.76846,28.9941,0
6.69974,28.9941,0
7.70262,28.9941,0
8.77976,28.9941,0
9.9338,28.9941,0
11.1674,28.9941,0
12.4832,28.9941,0
13.8839,28.9941,0
15.3721,28.9941,0
16.9504,28.9941,0
18.6216,28.9941,0
20.3883,28.9941,0
22.253,28.9941,0
24.2186,28.9941,0
26.2875,28.9941,0
28.4626,28.9941,0
30.7464,28.9941,0
33.1415,28.9941,0
35.6507,28.9941,0
38.2766,28.9941,0
41.0218,28.9941,0
43.889,28.9941,0
46.8809,28.9941,0
50,28.9941,0
-2,31.8212,0
-1.99956,31.8212,0
-1.99646,31.8212,0
-1.98807,31.8212,0
-1.97171,31.8212,0
-1.94475,31.8212,0
-1.90453,31.8212,0
-1.8484,31.8212,0
-1.7737,31.8212,0
-1.67779,31.8212,0
-1.55801,31.8212,0
-1.41171,31.8212,0
-1.23624,31.8212,0
-1.02894,31.8212,0
-0.787172,31.8212,0
-0.508275,31.8212,0
-0.189598,31.8212,0
0.17151,31.8212,0
0.577701,31.8212,0
1.03163,31.8212,0
1.53594,31.8212,0
2.09329,31.8212,0
2.70634,31.8212,0
3.37773,31.8212,0
4.11011,31.8212,0
4.90614,31.8212,0
5.76846,31.8212,0
6.69974,31.8212,0
7.70262,31.8212,0
8.77976,31.8212,0
9.9338,31.8212,0
11.1674,31.8212,0
12.4832,31.8212,0
13.8839,31.8212,0
15.3721,31.8212,0
16.9504,31.8212,0
18.6216,31.8212,0
20.3883,31.8212,0
22.253,31.8212,0
24.2186,31.8212,0
26.2875,31.8212,0
28.4626,31.8212,0
30.7464,31.8212,0
33.1415,31.8212,0
35.6507,31.8212,0
38.2766,31.8212,0
41.0218,31.8212,0
43.889,31.8212,0
46.8809,31.8212,0
50,31.8212,0
-2,34.7798,0
-1.99956,34.7798,0
-1.99646,34.7798,0
-1.98807,34.7798,0
-1.97171,34.7798,0
-1.94475,34.7798,0
-1.90453,34.7798,0
-1.8484,34.7798,0
-1.7737,34.7798,0
-1.67779,34.7798,0
-1.55801,34.7798,0
-1.41171,34.7798,0
-1.23624,34.7798,0
-1.02894,34.7798,0
-0.787172,34.7798,0
-0.508275,34.7798,0
-0.189598,34.7798,0
0.17151,34.7798,0
0.577701,34.7798,0
1.03163,34.7798,0
1.53594,34.7798,0
2.09329,34.7798,0
2.70634,34.7798,0
3.37773,34.7798,0
4.11011,34.7798,0
4.90614,34.7798,0
5.76846,34.7798,0
6.69974,34.7798,0
7.70262,34.7798,0
8.77976,34.7798,0
9.9338,34.7798,0
11.1674,34.7798,0
12.4832,34.7798,0
13.8839,34.7798,0
15.3721,34.7798,0
16.9504,34.7798,0
18.6216,34.7798,0
20.3883,34.7798,0
22.253,34.7798,0
24.2186,34.7798,0
26.2875,34.7798,0
28.4626,34.7798,0
30.7464,34.7798,0
33.1415,34.7798,0
35.6507,34.7798,0
38.2766,34.7798,0
41.0218,34.7798,0
43.889,34.7798,0
46.8809,34.7798,0
50,34.7798,0
-2,37.8698,0
-1.99956,37.8698,0
-1.99646,37.8698,0
-1.98807,37.8698,0
-1.97171,37.8698,0
-1.94475,37.8698,0
-1.90453,37.8698,0
-1.8484,37.8698,0
-1.7737,37.8698,0
-1.67779,37.8698,0
-1.55801,37.8698,0
-1.41171,37.8698,0
-1.23624,37.8698,0
-1.02894,37.8698,0
-0.787172,37.8698,0
-0.508275,37.8698,0
-0.189598,37.8698,0
0.17151,37.8698,0
0.577701,37.8698,0
1.03163,37.8698,0
1.53594,37.8698,0
2.09329,37.8698,0
2.70634,37.8698,0
3.37773,37.8698,0
4.11011,37.8698,0
4.90614,37.8698,0
5.76846,37.8698,0
6.69974,37.8698,0
7.70262,37.8698,0
8.77976,37.8698,0
9.9338,37.8698,0
11.1674,37.8698,0
12.4832,37.8698,0
13.8839,37.8698,0
15.3721,37.8698,0
16.9504,37.8698,0
18.6216,37.8698,0
20.3883,37.8698,0
22.253,37.8698,0
24.2186,37.8698,0
26.2875,37.8698,0
28.4626,37.8698,0
30.7464,37.8698,0
33.1415,37.8698,0
35.6507,37.8698,0
38.2766,37.8698,0
41.0218,37.8698,0
43.889,37.8698,0
46.8809,37.8698,0
50,37.8698,0
-2,41.0914,0
-1.99956,41.0914,0
-1.99646,41.0914,0
-1.98807,41.0914,0
-1.97171,41.0914,0
-1.94475,41.0914,0
-1.90453,41.0914,0
-1.8484,41.0914,0
-1.7737,41.0914,0
-1.67779,41.0914,0
-1.55801,41.0914,0
-1.41171,41.0914,0
-1.23624,41.0914,0
-1.02894,41.0914,0
-0.787172,41.0914,0
-0.508275,41.0914,0
-0.189598,41.0914,0
0.17151,41.0914,0
0.577701,41.0914,0
1.03163,41.0914,0
1.53594,41.0914,0
2.09329,41.0914,0
2.70634,41.0914,0
3.37773,41.0914,0
4.11011,41.0914,0
4.90614,41.0914,0
5.76846,41.0914,0
6.69974,41.0914,0
7.70262,41.0914,0
8.77976,41.0914,0
9.9338,41.0914,0
11.1674,41.0914,0
12.4832,41.0914,0
13.8839,41.0914,0
15.3721,41.0914,0
16.9504,41.0914,0
18.6216,41.0914,0
20.3883,41.0914,0
22.253,41.0914,0
24.2186,41.0914,0
26.2875,41.0914,0
28.4626,41.0914,0
30.7464,41.0914,0
33.1415,41.0914,0
35.6507,41.0914,0
38.2766,41.0914,0
41.0218,41.0914,0
43.889,41.0914,0
46.8809,41.0914,0
50,41.0914,0
-2,44.4444,0
-1.99956,44.4444,0
-1.99646,44.4444,0
-1.98807,44.4444,0
-1.97171,44.4444,0
-1.94475,44.4444,0
-1.90453,44.4444,0
-1.8484,44.4444,0
-1.7737,44.4444,0
-1.67779,44.4444,0
-1.55801,44.4444,0
-1.41171,44.4444,0
-1.23624,44.4444,0
-1.02894,44.4444,0
-0.787172,44.4444,0
-0.508275,44.4444,0
-0.189598,44.4444,0
0.17151,44.4444,0
0.577701,44.4444,0
1.03163,44.4444,0
1.53594,44.4444,0
2.09329,44.4444,0
2.70634,44.4444,0
3.37773,44.4444,0
4.11011,44.4444,0
4.90614,44.4444,0
5.76846,44.4444,0
6.69974,44.4444,0
7.70262,44.4444,0
8.77976,44.4444,0
9.9338,44.4444,0
11.1674,44.4444,0
12.4832,44.4444,0
13.8839,44.4444,0
15.3721,44.4444,0
16.9504,44.4444,0
18.6216,44.4444,0
20.3883,44.4444,0
22.253,44.4444,0
24.2186,44.4444,0
26.2875,44.4444,0
28.4626,44.4444,0
30.7464,44.4444,0
33.1415,44.4444,0
35.6507,44.4444,0
38.2766,44.4444,0
41.0218,44.4444,0
43.889,44.4444,0
46.8809,44.4444,0
50,44.4444,0
-2,47.929,0
-1.99956,47.929,0
-1.99646,47.929,0
-1.98807,47.929,0
-1.97171,47.929,0
-1.94475,47.929,0
-1.90453,47.929,0
-1.8484,47.929,0
-1.7737,47.929,0
-1.67779,47.929,0
-1.55801,47.929,0
-1.41171,47.929,0
-1.23624,47.929,0
-1.02894,47.929,0
-0.787172,47.929,0
-0.508275,47.929,0
-0.189598,47.929,0
0.17151,47.929,0
0.577701,47.929,0
1.03163,47.929,0
1.53594,47.929,0
2.09329,47.929,0
2.70634,47.929,0
3.37773,47.929,0
4.11011,47.929,0
4.90614,47.929,0
5.76846,47.929,0
6.69974,47.929,0
7.70262,47.929,0
8.77976,47.929,0
9.9338,47.929,0
11.1674,47.929,0
12.4832,47.929,0
13.8839,47.929,0
15.3721,47.929,0
16.9504,47.929,0
18.6216,47.929,0
20.3883,47.929,0
22.253,47.929,0
24.2186,47.929,0
26.2875,47.929,0
28.4626,47.929,0
30.7464,47.929,0
33.1415,47.929,0
35.6507,47.929,0
38.2766,47.929,0
41.0218,47.929,0
43.889,47.929,0
46.8809,47.929,0
50,47.929,0
-2,51.545,0
-1.99956,51.545,0
-1.99646,51.545,0
-1.98807,51.545,0
-1.97171,51.545,0
-1.94475,51.545,0
-1.90453,51.545,0
-1.8484,51.545,0
-1.7737,51.545,0
-1.67779,51.545,0
-1.55801,51.545,0
-1.41171,51.545,0
-1.23624,51.545,0
-1.02894,51.545,0
-0.787172,51.545,0
-0.508275,51.545,0
-0.189598,51.545,0
0.17151,51.545,0
0.577701,51.545,0
1.03163,51.545,0
1.53594,51.545,0
2.09329,51.545,0
2.70634,51.545,0
3.37773,51.545,0
4.11011,51.545,0
4.90614,51.545,0
5.76846,51.545,0
6.69974,51.545,0
7.70262,51.545,0
8.77976,51.545,0
9.9338,51.545,0
11.1674,51.545,0
12.4832,51.545,0
13.8839,51.545,0
15.3721,51.545,0
16.9504,51.545,0
18.6216,51.545,0
20.3883,51.545,0
22.253,51.545,0
24.2186,51.545,0
26.2875,51.545,0
28.4626,51.545,0
30.7464,51.545,0
33.1415,51.545,0
35.6507,51.545,0
38.2766,51.545,0
41.0218,51.545,0
43.889,51.545,0
46.8809,51.545,0
50,51.545,0
-2,55.2926,0
-1.99956,55.2926,0
-1.99646,55.2926,0
-1.98807,55.2926,0
-1.97171,55.2926,0
-1.94475,55.2926,0
-1.90453,55.2926,0
-1.8484,55.2926,0
-1.7737,55.2926,0
-1.67779,55.2926,0
-1.55801,55.2926,0
-1.41171,55.2926,0
-1.23624,55.2926,0
-1.02894,55.2926,0
-0.787172,55.2926,0
-0.508275,55.2926,0
-0.189598,55.2926,0
0.17151,55.2926,0
0.577701,55.2926,0
1.03163,55.2926,0
1.53594,55.2926,0
2.09329,55.2926,0
2.70634,55.2926,0
3.37773,55.2926,0
4.11011,55.2926,0
4.90614,55.2926,0
5.76846,55.2926,0
6.69974,55.2926,0
7.70262,55.2926,0
8.77976,55.2926,0
9.9338,55.2926,0
11.1674,55.2926,0
12.4832,55.2926,0
13.8839,55.2926,0
15.3721,55.2926,0
16.9504,55.2926,0
18.6216,55.2926,0
20.3883,55.2926,0
22.253,55.2926,0
24.2186,55.2926,0
26.2875,55.2926,0
28.4626,55.2926,0
30.7464,55.2926,0
33.1415,55.2926,0
35.6507,55.2926,0
38.2766,55.2926,0
41.0218,55.2926,0
43.889,55.2926,0
46.8809,55.2926,0
50,55.2926,0
-2,59.1716,0
-1.99956,59.1716,0
-1.99646,59.1716,0
-1.98807,59.1716,0
-1.97171,59.1716,0
-1.94475,59.1716,0
-1.90453,59.1716,0
-1.8484,59.1716,0
-1.7737,59.1716,0
-1.67779,59.1716,0
-1.55801,59.1716,0
-1.41171,59.1716,0
-1.23624,59.1716,0
-1.02894,59.1716,0
-0.787172,59.1716,0
-0.508275,59.1716,0
-0.189598,59.1716,0
0.17151,59.1716,0
0.577701,59.1716,0
1.03163,59.1716,0
1.53594,59.1716,0
2.09329,59.1716,0
2.70634,59.1716,0
3.37773,59.1716,0
4.11011,59.1716,0
4.90614,59.1716,0
5.76846,59.1716,0
6.69974,59.1716,0
7.70262,59.1716,0
8.77976,59.1716,0
9.9338,59.1716,0
11.1674,59.1716,0
12.4832,59.1716,0
13.8839,59.1716,0
15.3721,59.1716,0
16.9504,59.1716,0
18.6216,59.1716,0
20.3883,59.1716,0
22.253,59.1716,0
24.2186,59.1716,0
26.2875,59.1716,0
28.4626,59.1716,0
30.7464,59.1716,0
33.1415,59.1716,0
35.6507,59.1716,0
38.2766,59.1716,0
41.0218,59.1716,0
43.889,59.1716,0
46.8809,59.1716,0
50,59.1716,0
-2,63.1821,0
-1.99956,63.1821,0
-1.99646,63.1821,0
-1.98807,63.1821,0
-1.97171,63.1821,0
-1.94475,63.1821,0
-1.90453,63.1821,0
-1.8484,63.1821,0
-1.7737,63.1821,0
-1.67779,63.1821,0
-1.55801,63.1821,0
-1.41171,63.1821,0
-1.23624,63.1821,0
-1.02894,63.1821,0
-0.787172,63.1821,0
-0.508275,63.1821,0
-0.189598,63.1821,0
0.17151,63.1821,0
0.577701,63.1821,0
1.03163,63.1821,0
1.53594,63.1821,0
2.09329,63.1821,0
2.70634,63.1821,0
3.37773,63.1821,0
4.11011,63.1821,0
4.90614,63.1821,0
5.76846,63.1821,0
6.69974,63.1821,0
7.70262,63.1821,0
8.77976,63.1821,0
9.9338,63.1821,0
11.1674,63.1821,0
12.4832,63.1821,0
13.8839,63.1821,0
15.3721,63.1821,0
16.9504,63.1821,0
18.6216,63.1821,0
20.3883,63.1821,0
22.253,63.1821,0
24.2186,63.1821,0
26.2875,63.1821,0
28.4626,63.1821,0
30.7464,63.1821,0
33.1415,63.1821,0
35.6507,63.1821,0
38.2766,63.1821,0
41.0218,63.1821,0
43.889,63.1821,0
46.8809,63.1821,0
50,63.1821,0
-2,67.3241,0
-1.99956,67.3241,0
-1.99646,67.3241,0
-1.98807,67.3241,0
-1.97171,67.3241,0
-1.94475,67.3241,0
-1.90453,67.3241,0
-1.8484,67.3241,0
-1.7737,67.3241,0
-1.67779,67.3241,0
-1.55801,67.3241,0
-1.41171,67.3241,0
-1.23624,67.3241,0
-1.02894,67.3241,0
-0.787172,67.3241,0
-0.508275,67.3241,0
-0.189598,67.3241,0
0.17151,67.3241,0
0.577701,67.3241,0
1.03163,67.3241,0
1.53594,67.3241,0
2.09329,67.3241,0
2.70634,67.3241,0
3.37773,67.3241,0
4.11011,67.3241,0
4.90614,67.3241,0
5.76846,67.3241,0
6.69974,67.3241,0
7.70262,67.3241,0
8.77976,67.3241,0
9.9338,67.3241,0
11.1674,67.3241,0
12.4832,67.3241,0
13.8839,67.3241,0
15.3721,67.3241,0
16.9504,67.3241,0
18.6216,67.3241,0
20.3883,67.3241,0
22.253,67.3241,0
24.2186,67.3241,0
26.2875,67.3241,0
28.4626,67.3241,0
30.7464,67.3241,0
33.1415,67.3241,0
35.6507,67.3241,0
38.2766,67.3241,0
41.0218,67.3241,0
43.889,67.3241,0
46.8809,67.3241,0
50,67.3241,0
-2,71.5976,0
-1.99956,71.5976,0
-1.99646,71.5976,0
-1.98807,71.5976,0
-1.97171,71.5976,0
-1.94475,71.5976,0
-1.90453,71.5976,0
-1.8484,71.5976,0
-1.7737,71.5976,0
-1.67779,71.5976,0
-1.55801,71.5976,0
-1.41171,71.5976,0
-1.23624,71.5976,0
-1.02894,71.5976,0
-0.787172,71.5976,0
-0.508275,71.5976,0
-0.189598,71.5976,0
0.17151,71.5976,0
0.577701,71.5976,0
1.03163,71.5976,0
1.53594,71.5976,0
2.09329,71.5976,0
2.70634,71.5976,0
3.37773,71.5976,0
4.11011,71.5976,0
4.90614,71.5976,0
5.76846,71.5976,0
6.69974,71.5976,0
7.70262,71.5976,0
8.77976,71.5976,0
9.9338,71.5976,0
11.1674,71.5976,0
12.4832,71.5976,0
13.8839,71.5976,0
15.3721,71.5976,0
16.9504,71.5976,0
18.6216,71.5976,0
20.3883,71.5976,0
22.253,71.5976,0
24.2186,71.5976,0
26.2875,71.5976,0
28.4626,71.5976,0
30.7464,71.5976,0
33.1415,71.5976,0
35.6507,71.5976,0
38.2766,71.5976,0
41.0218,71.5976,0
43.889,71.5976,0
46.8809,71.5976,0
50,71.5976,0
-2,76.0026,0
-1.99956,76.0026,0
-1.99646,76.0026,0
-1.98807,76.0026,0
-1.97171,76.0026,0
-1.94475,76.0026,0
-1.90453,76.0026,0
-1.8484,76.0026,0
-1.7737,76.0026,0
-1.67779,76.0026,0
-1.55801,76.0026,0
-1.41171,76.0026,0
-1.23624,76.0026,0
-1.02894,76.0026,0
-0.787172,76.0026,0
-0.508275,76.0026,0
-0.189598,76.0026,0
0.17151,76.0026,0
0.577701,76.0026,0
1.03163,76.0026,0
1.53594,76.0026,0
2.09329,76.0026,0
2.70634,76.0026,0
3.37773,76.0026,0
4.11011,76.0026,0
4.90614,76.0026,0
5.76846,76.0026,0
6.69974,76.0026,0
7.70262,76.0026,0
8.77976,76.0026,0
9.9338,76.0026,0
11.1674,76.0026,0
12.4832,76.0026,0
13.8839,76.0026,0
15.3721,76.0026,0
16.9504,76.0026,0
18.6216,76.0026,0
20.3883,76.0026,0
22.253,76.0026,0
24.2186,76.0026,0
26.2875,76.0026,0
28.4626,76.0026,0
30.7464,76.0026,0
33.1415,76.0026,0
35.6507,76.0026,0
38.2766,76.0026,0
41.0218,76.0026,0
43.889,76.0026,0
46.8809,76.0026,0
50,76.0026,0
-2,80.5391,0
-1.99956,80.5391,0
-1.99646,80.5391,0
-1.98807,80.5391,0
-1.97171,80.5391,0
-1.94475,80.5391,0
-1.90453,80.5391,0
-1.8484,80.5391,0
-1.7737,80.5391,0
-1.67779,80.5391,0
-1.55801,80.5391,0
-1.41171,80.5391,0
-1.23624,80.5391,0
-1.02894,80.5391,0
-0.787172,80.5391,0
-0.508275,80.5391,0
-0.189598,80.5391,0
0.17151,80.5391,0
0.577701,80.5391,0
1.03163,80.5391,0
1.53594,80.5391,0
2.09329,80.5391,0
2.70634,80.5391,0
3.37773,80.5391,0
4.11011,80.5391,0
4.90614,80.5391,0
5.76846,80.5391,0
6.69974,80.5391,0
7.70262,80.5391,0
8.77976,80.5391,0
9.9338,80.5391,0
11.1674,80.5391,0
12.4832,80.5391,0
13.8839,80.5391,0
15.3721,80.5391,0
16.9504,80.5391,0
18.6216,80.5391,0
20.3883,80.5391,0
22.253,80.5391,0
24.2186,80.5391,0
26.2875,80.5391,0
28.4626,80.5391,0
30.7464,80.5391,0
33.1415,80.5391,0
35.6507,80.5391,0
38.2766,80.5391,0
41.0218,80.5391,0
43.889,80.5391,0
46.8809,80.5391,0
50,80.5391,0
-2,85.2071,0
-1.99956,85.2071,0
-1.99646,85.2071,0
-1.98807,85.2071,0
-1.97171,85.2071,0
-1.94475,85.2071,0
-1.90453,85.2071,0
-1.8484,85.2071,0
-1.7737,85.2071,0
-1.67779,85.2071,0
-1.55801,85.2071,0
-1.41171,85.2071,0
-1.23624,85.2071,0
-1.02894,85.2071,0
-0.787172,85.2071,0
-0.508275,85.2071,0
-0.189598,85.2071,0
0.17151,85.2071,0
0.577701,85.2071,0
1.03163,85.2071,0
1.53594,85.2071,0
2.09329,85.2071,0
2.70634,85.2071,0
3.37773,85.2071,0
4.11011,85.2071,0
4.90614,85.2071,0
5.76846,85.2071,0
6.69974,85.2071,0
7.70262,85.2071,0
8.77976,85.2071,0
9.9338,85.2071,0
11.1674,85.2071,0
12.4832,85.2071,0
13.8839,85.2071,0
15.3721,85.2071,0
16.9504,85.2071,0
18.6216,85.2071,0
20.3883,85.2071,0
22.253,85.2071,0
24.2186,85.2071,0
26.2875,85.2071,0
28.4626,85.2071,0
30.7464,85.2071,0
33.1415,85.2071,0
35.6507,85.2071,0
38.2766,85.2071,0
41.0218,85.2071,0
43.889,85.2071,0
46.8809,85.2071,0
50,85.2071,0
-2,90.0066,0
-1.99956,90.0066,0
-1.99646,90.0066,0
-1.98807,90.0066,0
-1.97171,90.0066,0
-1.94475,90.0066,0
-1.90453,90.0066,0
-1.8484,90.0066,0
-1.7737,90.0066,0
-1.67779,90.0066,0
-1.55801,90.0066,0
-1.41171,90.0066,0
-1.23624,90.0066,0
-1.02894,90.0066,0
-0.787172,90.0066,0
-0.508275,90.0066,0
-0.189598,90.0066,0
0.17151,90.0066,0
0.577701,90.0066,0
1.03163,90.0066,0
1.53594,90.0066,0
2.09329,90.0066,0
2.70634,90.0066,0
3.37773,90.0066,0
4.11011,90.0066,0
4.90614,90.0066,0
5.76846,90.0066,0
6.69974,90.0066,0
7.70262,90.0066,0
8.77976,90.0066,0
9.9338,90.0066,0
11.1674,90.0066,0
12.4832,90.0066,0
13.8839,90.0066,0
15.3721,90.0066,0
16.9504,90.0066,0
18.6216,90.0066,0
20.3883,90.0066,0
22.253,90.0066,0
24.2186,90.0066,0
26.2875,90.0066,0
28.4626,90.0066,0
30.7464,90.0066,0
33.1415,90.0066,0
35.6507,90.0066,0
38.2766,90.0066,0
41.0218,90.0066,0
43.889,90.0066,0
46.8809,90.0066,0
50,90.0066,0
-2,94.9375,0
-1.99956,94.9375,0
-1.99646,94.9375,0
-1.98807,94.9375,0
-1.97171,94.9375,0
-1.94475,94.9375,0
-1.90453,94.9375,0
-1.8484,94.9375,0
-1.7737,94.9375,0
-1.67779,94.9375,0
-1.55801,94.9375,0
-1.41171,94.9375,0
-1.23624,94.9375,0
-1.02894,94.9375,0
-0.787172,94.9375,0
-0.508275,94.9375,0
-0.189598,94.9375,0
0.17151,94.9375,0
0.577701,94.9375,0
1.03163,94.9375,0
1.53594,94.9375,0
2.09329,94.9375,0
2.70634,94.9375,0
3.37773,94.9375,0
4.11011,94.9375,0
4.90614,94.9375,0
5.76846,94.9375,0
6.69974,94.9375,0
7.70262,94.9375,0
8.77976,94.9375,0
9.9338,94.9375,0
11.1674,94.9375,0
12.4832,94.9375,0
13.8839,94.9375,0
15.3721,94.9375,0
16.9504,94.9375,0
18.6216,94.9375,0
20.3883,94.9375,0
22.253,94.9375,0
24.2186,94.9375,0
26.2875,94.9375,0
28.4626,94.9375,0
30.7464,94.9375,0
33.1415,94.9375,0
35.6507,94.9375,0
38.2766,94.9375,0
41.0218,94.9375,0
43.889,94.9375,0
46.8809,94.9375,0
50,94.9375,0
-2,100,0
-1.99956,100,0
-1.99646,100,0
-1.98807,100,0
-1.97171,100,0
-1.94475,100,0
-1.90453,100,0
-1.8484,100,0
-1.7737,100,0
-1.67779,100,0
-1.55801,100,0
-1.41171,100,0
-1.23624,100,0
-1.02894,100,0
-0.787172,100,0
-0.508275,100,0
-0.189598,100,0
0.17151,100,0
0.577701,100,0
1.03163,100,0
1.53594,100,0
2.09329,100,0
2.70634,100,0
3.37773,100,0
4.11011,100,0
4.90614,100,0
5.76846,100,0
6.69974,100,0
7.70262,100,0
8.77976,100,0
9.9338,100,0
11.1674,100,0
12.4832,100,0
13.8839,100,0
15.3721,100,0
16.9504,100,0
18.6216,100,0
20.3883,100,0
22.253,100,0
24.2186,100,0
26.2875,100,0
28.4626,100,0
30.7464,100,0
33.1415,100,0
35.6507,100,0
38.2766,100,0
41.0218,100,0
43.889,100,0
46.8809,100,0
50,100,0
-2,0,0
-1.99956,0,0
-1.99646,0,0
-1.98807,0,0
-1.97171,0,0
-1.94475,0,0
-1.90453,0,0
-1.8484,0,0
-1.7737,0,0
-1.67779,0,0
-1.55801,0,0
-1.41171,0,0
-1.23624,0,0
-1.02894,0,0
-0.787172,0,0
-0.508275,0,0
-0.189598,0,0
0.17151,0,0
0.577701,0,0
1.03163,0,0
1.53594,0,0
2.09329,0,0
2.70634,0,0
3.37773,0,0
4.11011,0,0
4.90614,0,0
5.76846,0,0
6.69974,0,0
7.70262,0,0
8.77976,0,0
9.9338,0,0
11.1674,0,0
12.4832,0,0
13.8839,0,0
15.3721,0,0
16.9504,0,0
18.6216,0,0
20.3883,0,0
22.253,0,0
24.2186,0,0
26.2875,0,0
28.4626,0,0
30.7464,0,0
33.1415,0,0
35.6507,0,0
38.2766,0,0
41.0218,0,0
43.889,0,0
46.8809,0,0
50,0,0
-2,0.0657462,0
-1.99956,0.0657462,0
-1.99646,0.0657462,0
-1.98807,0.0657462,0
-1.97171,0.0657462,0
-1.94475,0.0657462,0
-1.90453,0.0657462,0
-1.8484,0.0657462,0
-1.7737,0.0657462,0
-1.67779,0.0657462,0
-1.55801,0.0657462,0
-1.41171,0.0657462,0
-1.23624,0.0657462,0
-1.02894,0.0657462,0
-0.787172,0.0657462,0
-0.508275,0.0657462,0
-0.189598,0.0657462,0
0.17151,0.0657462,0
0.577701,0.0657462,0
1.03163,0.0657462,0
1.53594,0.0657462,0
2.09329,0.0657462,0
2.70634,0.0657462,0
3.37773,0.0657462,0
4.11011,0.0657462,0
4.90614,0.0657462,0
5.76846,0.0657462,0
6.69974,0.0657462,0
7.70262,0.0657462,0
8.77976,0.0657462,0
9.9338,0.0657462,0
11.1674,0.0657462,0
12.4832,0.0657462,0
13.8839,0.0657462,0
15.3721,0.0657462,0
16.9504,0.0657462,0
18.6216,0.0657462,0
20.3883,0.0657462,0
22.253,0.0657462,0
24.2186,0.0657462,0
26.2875,0.0657462,0
28.4626,0.0657462,0
30.7464,0.0657462,0
33.1415,0.0657462,0
35.6507,0.0657462,0
38.2766,0.0657462,0
41.0218,0.0657462,0
43.889,0.0657462,0
46.8809,0.0657462,0
50,0.0657462,0
-2,0.262985,0
-1.99956,0.262985,0
-1.99646,0.262985,0
-1.98807,0.262985,0
-1.97171,0.262985,0
-1.94475,0.262985,0
-1.90453,0.262985,0
-1.8484,0.262985,0
-1.7737,0.262985,0
-1.67779,0.262985,0
-1.55801,0.262985,0
-1.41171,0.262985,0
-1.23624,0.262985,0
-1.02894,0.262985,0
-0.787172,0.262985,0
-0.508275,0.262985,0
-0.189598,0.262985,0
0.17151,0.262985,0
0.577701,0.262985,0
1.03163,0.262985,0
1.53594,0.262985,0
2.09329,0.262985,0
2.70634,0.262985,0
3.37773,0.262985,0
4.11011,0.262985,0
4.90614,0.262985,0
5.76846,0.262985,0
6.69974,0.262985,0
7.70262,0.262985,0
8.77976,0.262985,0
9.9338,0.262985,0
11.1674,0.262985,0
12.4832,0.262985,0
13.8839,0.262985,0
15.3721,0.262985,0
16.9504,0.262985,0
18.6216,0.262985,0
20.3883,0.262985,0
22.253,0.262985,0
24.2186,0.262985,0
26.2875,0.262985,0
28.4626,0.262985,0
30.7464,0.262985,0
33.1415,0.262985,0
35.6507,0.262985,0
38.2766,0.262985,0
41.0218,0.262985,0
43.889,0.262985,0
46.8809,0.262985,0
50,0.262985,0
-2,0.591716,0
-1.99956,0.591716,0
-1.99646,0.591716,0
-1.98807,0.591716,0
-1.97171,0.591716,0
-1.94475,0.591716,0
-1.90453,0.591716,0
-1.8484,0.591716,0
-1.7737,0.591716,0
-1.67779,0.591716,0
-1.55801,0.591716,0
-1.41171,0.591716,0
-1.23624,0.591716,0
-1.02894,0.591716,0
-0.787172,0.591716,0
-0.508275,0.591716,0
-0.189598,0.591716,0
0.17151,0.591716,0
0.577701,0.591716,0
1.03163,0.591716,0
1.53594,0.591716,0
2.09329,0.591716,0
2.70634,0.591716,0
3.37773,0.591716,0
4.11011,0.591716,0
4.90614,0.591716,0
5.76846,0.591716,0
6.69974,0.591716,0
7.70262,0.591716,0
8.77976,0.591716,0
9.9338,0.591716,0
11.1674,0.591716,0
12.4832,0.591716,0
13.8839,0.591716,0
15.3721,0.591716,0
16.9504,0.591716,0
18.6216,0.591716,0
20.3883,0.591716,0
22.253,0.591716,0
24.2186,0.591716,0
26.2875,0.591716,0
28.4626,0.591716,0
30.7464,0.591716,0
33.1415,0.591716,0
35.6507,0.591716,0
38.2766,0.591716,0
41.0218,0.591716,0
43.889,0.591716,0
46.8809,0.591716,0
50,0.591716,0
-2,1.05194,0
-1.99956,1.05194,0
-1.99646,1.05194,0
-1.98807,1.05194,0
-1.97171,1.05194,0
-1.94475,1.05194,0
-1.90453,1.05194,0
-1.8484,1.05194,0
-1.7737,1.05194,0
-1.67779,1.05194,0
-1.55801,1.05194,0
-1.41171,1.05194,0
-1.23624,1.05194,0
-1.02894,1.05194,0
-0.787172,1.05194,0
-0.508275,1.05194,0
-0.189598,1.05194,0
0.17151,1.05194,0
0.577701,1.05194,0
1.03163,1.05194,0
1.53594,1.05194,0
2.09329,1.05194,0
2.70634,1.05194,0
3.37773,1.05194,0
4.11011,1.05194,0
4.90614,1.05194,0
5.76846,1.05194,0
6.69974,1.05194,0
7.70262,1.05194,0
8.77976,1.05194,0
9.9338,1.05194,0
11.1674,1.05194,0
12.4832,1.05194,0
13.8839,1.05194,0
15.3721,1.05194,0
16.9504,1.05194,0
18.6216,1.05194,0
20.3883,1.05194,0
22.253,1.05194,0
24.2186,1.05194,0
26.2875,1.05194,0
28.4626,1.05194,0
30.7464,1.05194,0
33.1415,1.05194,0
35.6507,1.05194,0
38.2766,1.05194,0
41.0218,1.05194,0
43.889,1.05194,0
46.8809,1.05194,0
50,1.05194,0
-2,1.64366,0
-1.99956,1.64366,0
-1.99646,1.64366,0
-1.98807,1.64366,0
-1.97171,1.64366,0
-1.94475,1.64366,0
-1.90453,1.64366,0
-1.8484,1.64366,0
-1.7737,1.64366,0
-1.67779,1.64366,0
-1.55801,1.64366,0
-1.41171,1.64366,0
-1.23624,1.64366,0
-1.02894,1.64366,0
-0.787172,1.64366,0
-0.508275,1.64366,0
-0.189598,1.64366,0
0.17151,1.64366,0
0.577701,1.64366,0
1.03163,1.64366,0
1.53594,1.64366,0
2.09329,1.64366,0
2.70634,1.64366,0
3.37773,1.64366,0
4.11011,1.64366,0
4.90614,1.64366,0
5.76846,1.64366,0
6.69974,1.64366,0
7.70262,1.64366,0
8.77976,1.64366,0
9.9338,1.64366,0
11.1674,1.64366,0
12.4832,1.64366,0
13.8839,1.64366,0
15.3721,1.64366,0
16.9504,1.64366,0
18.6216,1.64366,0
20.3883,1.64366,0
22.253,1.64366,0
24.2186,1.64366,0
26.2875,1.64366,0
28.4626,1.64366,0
30.7464,1.64366,0
33.1415,1.64366,0
35.6507,1.64366,0
38.2766,1.64366,0
41.0218,1.64366,0
43.889,1.64366,0
46.8809,1.64366,0
50,1.64366,0
-2,2.36686,0
-1.99956,2.36686,0
-1.99646,2.36686,0
-1.98807,2.36686,0
-1.97171,2.36686,0
-1.94475,2.36686,0
-1.90453,2.36686,0
-1.8484,2.36686,0
-1.7737,2.36686,0
-1.67779,2.36686,0
-1.55801,2.36686,0
-1.41171,2.36686,0
-1.23624,2.36686,0
-1.02894,2.36686,0
-0.787172,2.36686,0
-0.508275,2.36686,0
-0.189598,2.36686,0
0.17151,2.36686,0
0.577701,2.36686,0
1.03163,2.36686,0
1.53594,2.36686,0
2.09329,2.36686,0
2.70634,2.36686,0
3.37773,2.36686,0
4.11011,2.36686,0
4.90614,2.36686,0
5.76846,2.36686,0
6.69974,2.36686,0
7.70262,2.36686,0
8.77976,2.36686,0
9.9338,2.36686,0
11.1674,2.36686,0
12.4832,2.36686,0
13.8839,2.36686,0
15.3721,2.36686,0
16.9504,2.36686,0
18.6216,2.36686,0
20.3883,2.36686,0
22.253,2.36686,0
24.2186,2.36686,0
26.2875,2.36686,0
28.4626,2.36686,0
30.7464,2.36686,0
33.1415,2.36686,0
35.6507,2.36686,0
38.2766,2.36686,0
41.0218,2.36686,0
43.889,2.36686,0
46.8809,2.36686,0
50,2.36686,0
-2,3.22156,0
-1.99956,3.22156,0
-1.99646,3.22156,0
-1.98807,3.22156,0
-1.97171,3.22156,0
-1.94475,3.22156,0
-1.90453,3.22156,0
-1.8484,3.22156,0
-1.7737,3.22156,0
-1.67779,3.22156,0
-1.55801,3.22156,0
-1.41171,3.22156,0
-1.23624,3.22156,0
-1.02894,3.22156,0
-0.787172,3.22156,0
-0.508275,3.22156,0
-0.189598,3.22156,0
0.17151,3.22156,0
0.577701,3.22156,0
1.03163,3.22156,0
1.53594,3.22156,0
2.09329,3.22156,0
2.70634,3.22156,0
3.37773,3.22156,0
4.11011,3.22156,0
4.90614,3.22156,0
5.76846,3.22156,0
6.69974,3.22156,0
7.70262,3.22156,0
8.77976,3.22156,0
9.9338,3.22156,0
11.1674,3.22156,0
12.4832,3.22156,0
13.8839,3.22156,0
15.3721,3.22156,0
16.9504,3.22156,0
18.6216,3.22156,0
20.3883,3.22156,0
22.253,3.22156,0
24.2186,3.22156,0
26.2875,3.22156,0
28.4626,3.22156,0
30.7464,3.22156,0
33.1415,3.22156,0
35.6507,3.22156,0
38.2766,3.22156,0
41.0218,3.22156,0
43.889,3.22156,0
46.8809,3.22156,0
50,3.22156,0
-2,4.20776,0
-1.99956,4.20776,0
-1.99646,4.20776,0
-1.98807,4.20776,0
-1.97171,4.20776,0
-1.94475,4.20776,0
-1.90453,4.20776,0
-1.8484,4.20776,0
-1.7737,4.20776,0
-1.67779,4.20776,0
-1.55801,4.20776,0
-1.41171,4.20776,0
-1.23624,4.20776,0
-1.02894,4.20776,0
-0.787172,4.20776,0
-0.508275,4.20776,0
-0.189598,4.20776,0
0.17151,4.20776,0
0.577701,4.20776,0
1.03163,4.20776,0
1.53594,4.20776,0
2.09329,4.20776,0
2.70634,4.20776,0
3.37773,4.20776,0
4.11011,4.20776,0
4.90614,4.20776,0
5.76846,4.20776,0
6.69974,4.20776,0
7.70262,4.20776,0
8.77976,4.20776,0
9.9338,4.20776,0
11.1674,4.20776,0
12.4832,4.20776,0
13.8839,4.20776,0
15.3721,4.20776,0
16.9504,4.20776,0
18.6216,4.20776,0
20.3883,4.20776,0
22.253,4.20776,0
24.2186,4.20776,0
26.2875,4.20776,0
28.4626,4.20776,0
30.7464,4.20776,0
33.1415,4.20776,0
35.6507,4.20776,0
38.2766,4.20776,0
41.0218,4.20776,0
43.889,4.20776,0
46.8809,4.20776,0
50,4.20776,0
-2,5.32544,0
-1.99956,5.32544,0
-1.99646,5.32544,0
-1.98807,5.32544,0
-1.97171,5.32544,0
-1.94475,5.32544,0
-1.90453,5.32544,0
-1.8484,5.32544,0
-1.7737,5.32544,0
-1.67779,5.32544,0
-1.55801,5.32544,0
-1.41171,5.32544,0
-1.23624,5.32544,0
-1.02894,5.32544,0
-0.787172,5.32544,0
-0.508275,5.32544,0
-0.189598,5.32544,0
0.17151,5.32544,0
0.577701,5.32544,0
1.03163,5.32544,0
1.53594,5.32544,0
2.09329,5.32544,0
2.70634,5.32544,0
3.37773,5.32544,0
4.11011,5.32544,0
4.90614,5.32544,0
5.76846,5.32544,0
6.69974,5.32544,0
7.70262,5.32544,0
8.77976,5.32544,0
9.9338,5.32544,0
11.1674,5.32544,0
12.4832,5.32544,0
13.8839,5.32544,0
15.3721,5.32544,0
16.9504,5.32544,0
18.6216,5.32544,0
20.3883,5.32544,0
22.253,5.32544,0
24.2186,5.32544,0
26.2875,5.32544,0
28.4626,5.32544,0
30.7464,5.32544,0
33.1415,5.32544,0
35.6507,5.32544,0
38.2766,5.32544,0
41.0218,5.32544,0
43.889,5.32544,0
46.8809,5.32544,0
50,5.32544,0
-2,6.57462,0
-1.99956,6.57462,0
-1.99646,6.57462,0
-1.98807,6.57462,0
-1.97171,6.57462,0
-1.94475,6.57462,0
-1.90453,6.57462,0
-1.8484,6.57462,0
-1.7737,6.57462,0
-1.67779,6.57462,0
-1.55801,6.57462,0
-1.41171,6.57462,0
-1.23624,6.57462,0
-1.02894,6.57462,0
-0.787172,6.57462,0
-0.508275,6.57462,0
-0.189598,6.57462,0
0.17151,6.57462,0
0.577701,6.57462,0
1.03163,6.57462,0
1.53594,6.57462,0
2.09329,6.57462,0
2.70634,6.57462,0
3.37773,6.57462,0
4.11011,6.57462,0
4.90614,6.57462,0
5.76846,6.57462,0
6.69974,6.57462,0
7.70262,6.57462,0
8.77976,6.57462,0
9.9338,6.57462,0
11.1674,6.57462,0
12.4832,6.57462,0
13.8839,6.57462,0
15.3721,6.57462,0
16.9504,6.57462,0
18.6216,6.57462,0
20.3883,6.57462,0
22.253,6.57462,0
24.2186,6.57462,0
26.2875,6.57462,0
28.4626,6.57462,0
30.7464,6.57462,0
33.1415,6.57462,0
35.6507,6.57462,0
38.2766,6.57462,0
41.0218,6.57462,0
43.889,6.57462,0
46.8809,6.57462,0
50,6.57462,0
-2,7.95529,0
-1.99956,7.95529,0
-1.99646,7.95529,0
-1.98807,7.95529,0
-1.97171,7.95529,0
-1.94475,7.95529,0
-1.90453,7.95529,0
-1.8484,7.95529,0
-1.7737,7.95529,0
-1.67779,7.95529,0
-1.55801,7.95529,0
-1.41171,7.95529,0
-1.23624,7.95529,0
-1.02894,7.95529,0
-0.787172,7.95529,0
-0.508275,7.95529,0
-0.189598,7.95529,0
0.17151,7.95529,0
0.577701,7.95529,0
1.03163,7.95529,0
1.53594,7.95529,0
2.09329,7.95529,0
2.70634,7.95529,0
3.37773,7.95529,0
4.11011,7.95529,0
4.90614,7.95529,0
5.76846,7.95529,0
6.69974,7.95529,0
7.70262,7.95529,0
8.77976,7.95529,0
9.9338,7.95529,0
11.1674,7.95529,0
12.4832,7.95529,0
13.8839,7.95529,0
15.3721,7.95529,0
16.9504,7.95529,0
18.6216,7.95529,0
20.3883,7.95529,0
22.253,7.95529,0
24.2186,7.95529,0
26.2875,7.95529,0
28.4626,7.95529,0
30.7464,7.95529,0
33.1415,7.95529,0
35.6507,7.95529,0
38.2766,7.95529,0
41.0218,7.95529,0
43.889,7.95529,0
46.8809,7.95529,0
50,7.95529,0
-2,9.46746,0
-1.99956,9.46746,0
-1.99646,9.46746,0
-1.98807,9.46746,0
-1.97171,9.46746,0
-1.94475,9.46746,0
-1.90453,9.46746,0
-1.8484,9.46746,0
-1.7737,9.46746,0
-1.67779,9.46746,0
-1.55801,9.46746,0
-1.41171,9.46746,0
-1.23624,9.46746,0
-1.02894,9.46746,0
-0.787172,9.46746,0
-0.508275,9.46746,0
-0.189598,9.46746,0
0.17151,9.46746,0
0.577701,9.46746,0
1.03163,9.46746,0
1.53594,9.46746,0
2.09329,9.46746,0
2.70634,9.46746,0
3.37773,9.46746,0
4.11011,9.46746,0
4.90614,9.46746,0
5.76846,9.46746,0
6.69974,9.46746,0
7.70262,9.46746,0
8.77976,9.46746,0
9.9338,9.46746,0
11.1674,9.46746,0
12.4832,9.46746,0
13.8839,9.46746,0
15.3721,9.46746,0
16.9504,9.46746,0
18.6216,9.46746,0
20.3883,9.46746,0
22.253,9.46746,0
24.2186,9.46746,0
26.2875,9.46746,0
28.4626,9.46746,0
30.7464,9.46746,0
33.1415,9.46746,0
35.6507,9.46746,0
38.2766,9.46746,0
41.0218,9.46746,0
43.889,9.46746,0
46.8809,9.46746,0
50,9.46746,0
-2,11.1111,0
-1.99956,11.1111,0
-1.99646,11.1111,0
-1.98807,11.1111,0
-1.97171,11.1111,0
-1.94475,11.1111,0
-1.90453,11.1111,0
-1.8484,11.1111,0
-1.7737,11.1111,0
-1.67779,11.1111,0
-1.55801,11.1111,0
-1.41171,11.1111,0
-1.23624,11.1111,0
-1.02894,11.1111,0
-0.787172,11.1111,0
-0.508275,11.1111,0
-0.189598,11.1111,0
0.17151,11.1111,0
0.577701,11.1111,0
1.03163,11.1111,0
1.53594,11.1111,0
2.09329,11.1111,0
2.70634,11.1111,0
3.37773,11.1111,0
4.11011,11.1111,0
4.90614,11.1111,0
5.76846,11.1111,0
6.69974,11.1111,0
7.70262,11.1111,0
8.77976,11.1111,0
9.9338,11.1111,0
11.1674,11.1111,0
12.4832,11.1111,0
13.8839,11.1111,0
15.3721,11.1111,0
16.9504,11.1111,0
18.6216,11.1111,0
20.3883,11.1111,0
22.253,11.1111,0
24.2186,11.1111,0
26.2875,11.1111,0
28.4626,11.1111,0
30.7464,11.1111,0
33.1415,11.1111,0
35.6507,11.1111,0
38.2766,11.1111,0
41.0218,11.1111,0
43.889,11.1111,0
46.8809,11.1111,0
50,11.1111,0
-2,12.8863,0
-1.99956,12.8863,0
-1.99646,12.8863,0
-1.98807,12.8863,0
-1.97171,12.8863,0
-1.94475,12.8863,0
-1.90453,12.8863,0
-1.8484,12.8863,0
-1.7737,12.8863,0
-1.67779,12.8863,0
-1.55801,12.8863,0
-1.41171,12.8863,0
-1.23624,12.8863,0
-1.02894,12.8863,0
-0.787172,12.8863,0
-0.508275,12.8863,0
-0.189598,12.8863,0
0.17151,12.8863,0
0.577701,12.8863,0
1.03163,12.8863,0
1.53594,12.8863,0
2.09329,12.8863,0
2.70634,12.8863,0
3.37773,12.8863,0
4.11011,12.8863,0
4.90614,12.8863,0
5.76846,12.8863,0
6.69974,12.8863,0
7.70262,12.8863,0
8.77976,12.8863,0
9.9338,12.8863,0
11.1674,12.8863,0
12.4832,12.8863,0
13.8839,12.8863,0
15.3721,12.8863,0
16.9504,12.8863,0
18.6216,12.8863,0
20.3883,12.8863,0
22.253,12.8863,0
24.2186,12.8863,0
26.2875,12.8863,0
28.4626,12.8863,0
30.7464,12.8863,0
33.1415,12.8863,0
35.6507,12.8863,0
38.2766,12.8863,0
41.0218,12.8863,0
43.889,12.8863,0
46.8809,12.8863,0
50,12.8863,0
-2,14.7929,0
-1.99956,14.7929,0
-1.99646,14.7929,0
-1.98807,14.7929,0
-1.97171,14.7929,0
-1.94475,14.7929,0
-1.90453,14.7929,0
-1.8484,14.7929,0
-1.7737,14.7929,0
-1.67779,14.7929,0
-1.55801,14.7929,0
-1.41171,14.7929,0
-1.23624,14.7929,0
-1.02894,14.7929,0
-0.787172,14.7929,0
-0.508275,14.7929,0
-0.189598,14.7929,0
0.17151,14.7929,0
0.577701,14.7929,0
1.03163,14.7929,0
1.53594,14.7929,0
2.09329,14.7929,0
2.70634,14.7929,0
3.37773,14.7929,0
4.11011,14.7929,0
4.90614,14.7929,0
5.76846,14.7929,0
6.69974,14.7929,0
7.70262,14.7929,0
8.77976,14.7929,0
9.9338,14.7929,0
11.1674,14.7929,0
12.4832,14.7929,0
13.8839,14.7929,0
15.3721,14.7929,0
16.9504,14.7929,0
18.6216,14.7929,0
20.3883,14.7929,0
22.253,14.7929,0
24.2186,14.7929,0
26.2875,14.7929,0
28.4626,14.7929,0
30.7464,14.7929,0
33.1415,14.7929,0
35.6507,14.7929,0
38.2766,14.7929,0
41.0218,14.7929,0
43.889,14.7929,0
46.8809,14.7929,0
50,14.7929,0
-2,16.831,0
-1.99956,16.831,0
-1.99646,16.831,0
-1.98807,16.831,0
-1.97171,16.831,0
-1.94475,16.831,0
-1.90453,16.831,0
-1.8484,16.831,0
-1.7737,16.831,0
-1.67779,16.831,0
-1.55801,16.831,0
-1.41171,16.831,0
-1.23624,16.831,0
-1.02894,16.831,0
-0.787172,16.831,0
-0.508275,16.831,0
-0.189598,16.831,0
0.17151,16.831,0
0.577701,16.831,0
1.03163,16.831,0
1.53594,16.831,0
2.09329,16.831,0
2.70634,16.831,0
3.37773,16.831,0
4.11011,16.831,0
4.90614,16.831,0
5.76846,16.831,0
6.69974,16.831,0
7.70262,16.831,0
8.77976,16.831,0
9.9338,16.831,0
11.1674,16.831,0
12.4832,16.831,0
13.8839,16.831,0
15.3721,16.831,0
16.9504,16.831,0
18.6216,16.831,0
20.3883,16.831,0
22.253,16.831,0
24.2186,16.831,0
26.2875,16.831,0
28.4626,16.831,0
30.7464,16.831,0
33.1415,16.831,0
35.6507,16.831,0
38.2766,16.831,0
41.0218,16.831,0
43.889,16.831,0
46.8809,16.831,0
50,16.831,0
-2,19.0007,0
-1.99956,19.0007,0
-1.99646,19.0007,0
-1.98807,19.0007,0
-1.97171,19.0007,0
-1.94475,19.0007,0
-1.90453,19.0007,0
-1.8484,19.0007,0
-1.7737,19.0007,0
-1.67779,19.0007,0
-1.55801,19.0007,0
-1.41171,19.0007,0
-1.23624,19.0007,0
-1.02894,19.0007,0
-0.787172,19.0007,0
-0.508275,19.0007,0
-0.189598,19.0007,0
0.17151,19.0007,0
0.577701,19.0007,0
1.03163,19.0007,0
1.53594,19.0007,0
2.09329,19.0007,0
2.70634,19.0007,0
3.37773,19.0007,0
4.11011,19.0007,0
4.90614,19.0007,0
5.76846,19.0007,0
6.69974,19.0007,0
7.70262,19.0007,0
8.77976,19.0007,0
9.9338,19.0007,0
11.1674,19.0007,0
12.4832,19.0007,0
13.8839,19.0007,0
15.3721,19.0007,0
16.9504,19.0007,0
18.6216,19.0007,0
20.3883,19.0007,0
22.253,19.0007,0
24.2186,19.0007,0
26.2875,19.0007,0
28.4626,19.0007,0
30.7464,19.0007,0
33.1415,19.0007,0
35.6507,19.0007,0
38.2766,19.0007,0
41.0218,19.0007,0
43.889,19.0007,0
46.8809,19.0007,0
50,19.0007,0
-2,21.3018,0
-1.99956,21.3018,0
-1.99646,21.3018,0
-1.98807,21.3018,0
-1.97171,21.3018,0
-1.94475,21.3018,0
-1.90453,21.3018,0
-1.8484,21.3018,0
-1.7737,21.3018,0
-1.67779,21.3018,0
-1.55801,21.3018,0
-1.41171,21.3018,0
-1.23624,21.3018,0
-1.02894,21.3018,0
-0.787172,21.3018,0
-0.508275,21.3018,0
-0.189598,21.3018,0
0.17151,21.3018,0
0.577701,21.3018,0
1.03163,21.3018,0
1.53594,21.3018,0
2.09329,21.3018,0
2.70634,21.3018,0
3.37773,21.3018,0
4.11011,21.3018,0
4.90614,21.3018,0
5.76846,21.3018,0
6.69974,21.3018,0
7.70262,21.3018,0
8.77976,21.3018,0
9.9338,21.3018,0
11.1674,21.3018,0
12.4832,21.3018,0
13.8839,21.3018,0
15.3721,21.3018,0
16.9504,21.3018,0
18.6216,21.3018,0
20.3883,21.3018,0
22.253,21.3018,0
24.2186,21.3018,0
26.2875,21.3018,0
28.4626,21.3018,0
30.7464,21.3018,0
33.1415,21.3018,0
35.6507,21.3018,0
38.2766,21.3018,0
41.0218,21.3018,0
43.889,21.3018,0
46.8809,21.3018,0
50,21.3018,0
-2,23.7344,0
-1.99956,23.7344,0
-1.99646,23.7344,0
-1.98807,23.7344,0
-1.97171,23.7344,0
-1.94475,23.7344,0
-1.90453,23.7344,0
-1.8484,23.7344,0
-1.7737,23.7344,0
-1.67779,23.7344,0
-1.55801,23.7344,0
-1.41171,23.7344,0
-1.23624,23.7344,0
-1.02894,23.7344,0
-0.787172,23.7344,0
-0.508275,23.7344,0
-0.189598,23.7344,0
0.17151,23.7344,0
0.577701,23.7344,0
1.03163,23.7344,0
1.53594,23.7344,0
2.09329,23.7344,0
2.70634,23.7344,0
3.37773,23.7344,0
4.11011,23.7344,0
4.90614,23.7344,0
5.76846,23.7344,0
6.69974,23.7344,0
7.70262,23.7344,0
8.77976,23.7344,0
9.9338,23.7344,0
11.1674,23.7344,0
12.4832,23.7344,0
13.8839,23.7344,0
15.3721,23.7344,0
16.9504,23.7344,0
18.6216,23.7344,0
20.3883,23.7344,0
22.253,23.7344,0
24.2186,23.7344,0
26.2875,23.7344,0
28.4626,23.7344,0
30.7464,23.7344,0
33.1415,23.7344,0
35.6507,23.7344,0
38.2766,23.7344,0
41.0218,23.7344,0
43.889,23.7344,0
46.8809,23.7344,0
50,23.7344,0
-2,26.2985,0
-1.99956,26.2985,0
-1.99646,26.2985,0
-1.98807,26.2985,0
-1.97171,26.2985,0
-1.94475,26.2985,0
-1.90453,26.2985,0
-1.8484,26.2985,0
-1.7737,26.2985,0
-1.67779,26.2985,0
-1.55801,26.2985,0
-1.41171,26.2985,0
-1.23624,26.2985,0
-1.02894,26.2985,0
-0.787172,26.2985,0
-0.508275,26.2985,0
-0.189598,26.2985,0
0.17151,26.2985,0
0.577701,26.2985,0
1.03163,26.2985,0
1.53594,26.2985,0
2.09329,26.2985,0
2.70634,26.2985,0
3.37773,26.2985,0
4.11011,26.2985,0
4.90614,26.2985,0
5.76846,26.2985,0
6.69974,26.2985,0
7.70262,26.2985,0
8.77976,26.2985,0
9.9338,26.2985,0
11.1674,26.2985,0
12.4832,26.2985,0
13.8839,26.2985,0
15.3721,26.2985,0
16.9504,26.2985,0
18.6216,26.2985,0
20.3883,26.2985,0
22.253,26.2985,0
24.2186,26.2985,0
26.2875,26.2985,0
28.4626,26.2985,0
30.7464,26.2985,0
33.1415,26.2985,0
35.6507,26.2985,0
38.2766,26.2985,0
41.0218,26.2985,0
43.889,26.2985,0
46.8809,26.2985,0
50,26.2985,0
-2,28.9941,0
-1.99956,28.9941,0
-1.99646,28.9941,0
-1.98807,28.9941,0
-1.97171,28.9941,0
-1.94475,28.9941,0
-1.90453,28.9941,0
-1.8484,28.9941,0
-1.7737,28.9941,0
-1.67779,28.9941,0
-1.55801,28.9941,0
-1.41171,28.9941,0
-1.23624,28.9941,0
-1.02894,28.9941,0
-0.787172,28.9941,0
-0.508275,28.9941,0
-0.189598,28.9941,0
0.17151,28.9941,0
0.577701,28.9941,0
1.03163,28.9941,0
1.53594,28.9941,0
2.09329,28.9941,0
2.70634,28.9941,0
3.37773,28.9941,0
4.11011,28.9941,0
4.90614,28.9941,0
5.76846,28.9941,0
6.69974,28.9941,0
7.70262,28.9941,0
8.77976,28.9941,0
9.9338,28.9941,0
11.1674,28.9941,0
12.4832,28.9941,0
13.8839,28.9941,0
15.3721,28.9941,0
16.9504,28.9941,0
18.6216,28.9941,0
20.3883,28.9941,0
22.253,28.9941,0
24.2186,28.9941,0
26.2875,28.9941,0
28.4626,28.9941,0
30.7464,28.9941,0
33.1415,28.9941,0
35.6507,28.9941,0
38.2766,28.9941,0
41.0218,28.9941,0
43.889,28.9941,0
46.8809,28.9941,0
50,28.9941,0
-2,31.8212,0
-1.99956,31.8212,0
-1.99646,31.8212,0
-1.98807,31.8212,0
-1.97171,31.8212,0
-1.94475,31.8212,0
-1.90453,31.8212,0
-1.8484,31.8212,0
-1.7737,31.8212,0
-1.67779,31.8212,0
-1.55801,31.8212,0
-1.41171,31.8212,0
-1.23624,31.8212,0
-1.02894,31.8212,0
-0.787172,31.8212,0
-0.508275,31.8212,0
-0.189598,31.8212,0
0.17151,31.8212,0
0.577701,31.8212,0
1.03163,31.8212,0
1.53594,31.8212,0
2.09329,31.8212,0
2.70634,31.8212,0
3.37773,31.8212,0
4.11011,31.8212,0
4.90614,31.8212,0
5.76846,31.8212,0
6.69974,31.8212,0
7.70262,31.8212,0
8.77976,31.8212,0
9.9338,31.8212,0
11.1674,31.8212,0
12.4832,31.8212,0
13.8839,31.8212,0
15.3721,31.8212,0
16.9504,31.8212,0
18.6216,31.8212,0
20.3883,31.8212,0
22.253,31.8212,0
24.2186,31.8212,0
26.2875,31.8212,0
28.4626,31.8212,0
30.7464,31.8212,0
33.1415,31.8212,0
35.6507,31.8212,0
38.2766,31.8212,0
41.0218,31.8212,0
43.889,31.8212,0
46.8809,31.8212,0
50,31.8212,0
-2,34.7798,0
-1.99956,34.7798,0
-1.99646,34.7798,0
-1.98807,34.7798,0
-1.97171,34.7798,0
-1.94475,34.7798,0
-1.90453,34.7798,0
-1.8484,34.7798,0
-1.7737,34.7798,0
-1.67779,34.7798,0
-1.55801,34.7798,0
-1.41171,34.7798,0
-1.23624,34.7798,0
-1.02894,34.7798,0
-0.787172,34.7798,0
-0.508275,34.7798,0
-0.189598,34.7798,0
0.17151,34.7798,0
0.577701,34.7798,0
1.03163,34.7798,0
1.53594,34.7798,0
2.09329,34.7798,0
2.70634,34.7798,0
3.37773,34.7798,0
4.11011,34.7798,0
4.90614,34.7798,0
5.76846,34.7798,0
6.69974,34.7798,0
7.70262,34.7798,0
8.77976,34.7798,0
9.9338,34.7798,0
11.1674,34.7798,0
12.4832,34.7798,0
13.8839,34.7798,0
15.3721,34.7798,0
16.9504,34.7798,0
18.6216,34.7798,0
20.3883,34.7798,0
22.253,34.7798,0
24.2186,34.7798,0
26.2875,34.7798,0
28.4626,34.7798,0
30.7464,34.7798,0
33.1415,34.7798,0
35.6507,34.7798,0
38.2766,34.7798,0
41.0218,34.7798,0
43.889,34.7798,0
46.8809,34.7798,0
50,34.7798,0
-2,37.8698,0
-1.99956,37.8698,0
-1.99646,37.8698,0
-1.98807,37.8698,0
-1.97171,37.8698,0
-1.94475,37.8698,0
-1.90453,37.8698,0
-1.8484,37.8698,0
-1.7737,37.8698,0
-1.67779,37.8698,0
-1.55801,37.8698,0
-1.41171,37.8698,0
-1.23624,37.8698,0
-1.02894,37.8698,0
-0.787172,37.8698,0
-0.508275,37.8698,0
-0.189598,37.8698,0
0.17151,37.8698,0
0.577701,37.8698,0
1.03163,37.8698,0
1.53594,37.8698,0
2.09329,37.8698,0
2.70634,37.8698,0
3.37773,37.8698,0
4.11011,37.8698,0
4.90614,37.8698,0
5.76846,37.8698,0
6.69974,37.8698,0
7.70262,37.8698,0
8.77976,37.8698,0
9.9338,37.8698,0
11.1674,37.8698,0
12.4832,37.8698,0
13.8839,37.8698,0
15.3721,37.8698,0
16.9504,37.8698,0
18.6216,37.8698,0
20.3883,37.8698,0
22.253,37.8698,0
24.2186,37.8698,0
26.2875,37.8698,0
28.4626,37.8698,0
30.7464,37.8698,0
33.1415,37.8698,0
35.6507,37.8698,0
38.2766,37.8698,0
41.0218,37.8698,0
43.889,37.8698,0
46.8809,37.8698,0
50,37.8698,0
-2,41.0914,0
-1.99956,41.0914,0
-1.99646,41.0914,0
-1.98807,41.0914,0
-1.97171,41.0914,0
-1.94475,41.0914,0
-1.90453,41.0914,0
-1.8484,41.0914,0
-1.7737,41.0914,0
-1.67779,41.0914,0
-1.55801,41.0914,0
-1.41171,41.0914,0
-1.23624,41.0914,0
-1.02894,41.0914,0
-0.787172,41.0914,0
-0.508275,41.0914,0
-0.189598,41.0914,0
0.17151,41.0914,0
0.577701,41.0914,0
1.03163,41.0914,0
1.53594,41.0914,0
2.09329,41.0914,0
2.70634,41.0914,0
3.37773,41.0914,0
4.11011,41.0914,0
4.90614,41.0914,0
5.76846,41.0914,0
6.69974,41.0914,0
7.70262,41.0914,0
8.77976,41.0914,0
9.9338,41.0914,0
11.1674,41.0914,0
12.4832,41.0914,0
13.8839,41.0914,0
15.3721,41.0914,0
16.9504,41.0914,0
18.6216,41.0914,0
20.3883,41.0914,0
22.253,41.0914,0
24.2186,41.0914,0
26.2875,41.0914,0
28.4626,41.0914,0
30.7464,41.0914,0
33.1415,41.0914,0
35.6507,41.0914,0
38.2766,41.0914,0
41.0218,41.0914,0
43.889,41.0914,0
46.8809,41.0914,0
50,41.0914,0
-2,44.4444,0
-1.99956,44.4444,0
-1.99646,44.4444,0
-1.98807,44.4444,0
-1.97171,44.4444,0
-1.94475,44.4444,0
-1.90453,44.4444,0
-1.8484,44.4444,0
-1.7737,44.4444,0
-1.67779,44.4444,0
-1.55801,44.4444,0
-1.41171,44.4444,0
-1.23624,44.4444,0
-1.02894,44.4444,0
-0.787172,44.4444,0
-0.508275,44.4444,0
-0.189598,44.4444,0
0.17151,44.4444,0
0.577701,44.4444,0
1.03163,44.4444,0
1.53594,44.4444,0
2.09329,44.4444,0
2.70634,44.4444,0
3.37773,44.4444,0
4.11011,44.4444,0
4.90614,44.4444,0
5.76846,44.4444,0
6.69974,44.4444,0
7.70262,44.4444,0
8.77976,44.4444,0
9.9338,44.4444,0
11.1674,44.4444,0
12.4832,44.4444,0
13.8839,44.4444,0
15.3721,44.4444,0
16.9504,44.4444,0
18.6216,44.4444,0
20.3883,44.4444,0
22.253,44.4444,0
24.2186,44.4444,0
26.2875,44.4444,0
28.4626,44.4444,0
30.7464,44.4444,0
33.1415,44.4444,0
35.6507,44.4444,0
38.2766,44.4444,0
41.0218,44.4444,0
43.889,44.4444,0
46.8809,44.4444,0
50,44.4444,0
-2,47.929,0
-1.99956,47.929,0
-1.99646,47.929,0
-1.98807,47.929,0
-1.97171,47.929,0
-1.94475,47.929,0
-1.90453,47.929,0
-1.8484,47.929,0
-1.7737,47.929,0
-1.67779,47.929,0
-1.55801,47.929,0
-1.41171,47.929,0
-1.23624,47.929,0
-1.02894,47.929,0
-0.787172,47.929,0
-0.508275,47.929,0
-0.189598,47.929,0
0.17151,47.929,0
0.577701,47.929,0
1.03163,47.929,0
1.53594,47.929,0
2.09329,47.929,0
2.70634,47.929,0
3.37773,47.929,0
4.11011,47.929,0
4.90614,47.929,0
5.76846,47.929,0
6.69974,47.929,0
7.70262,47.929,0
8.77976,47.929,0
9.9338,47.929,0
11.1674,47.929,0
12.4832,47.929,0
13.8839,47.929,0
15.3721,47.929,0
16.9504,47.929,0
18.6216,47.929,0
20.3883,47.929,0
22.253,47.929,0
24.2186,47.929,0
26.2875,47.929,0
28.4626,47.929,0
30.7464,47.929,0
33.1415,47.929,0
35.6507,47.929,0
38.2766,47.929,0
41.0218,47.929,0
43.889,47.929,0
46.8809,47.929,0
50,47.929,0
-2,51.545,0
-1.99956,51.545,0
-1.99646,51.545,0
-1.98807,51.545,0
-1.97171,51.545,0
-1.94475,51.545,0
-1.90453,51.545,0
-1.8484,51.545,0
-1.7737,51.545,0
-1.67779,51.545,0
-1.55801,51.545,0
-1.41171,51.545,0
-1.23624,51.545,0
-1.02894,51.545,0
-0.787172,51.545,0
-0.508275,51.545,0
-0.189598,51.545,0
0.17151,51.545,0
0.577701,51.545,0
1.03163,51.545,0
1.53594,51.545,0
2.09329,51.545,0
2.70634,51.545,0
3.37773,51.545,0
4.11011,51.545,0
4.90614,51.545,0
5.76846,51.545,0
6.69974,51.545,0
7.70262,51.545,0
8.77976,51.545,0
9.9338,51.545,0
11.1674,51.545,0
12.4832,51.545,0
13.8839,51.545,0
15.3721,51.545,0
16.9504,51.545,0
18.6216,51.545,0
20.3883,51.545,0
22.253,51.545,0
24.2186,51.545,0
26.2875,51.545,0
28.4626,51.545,0
30.7464,51.545,0
33.1415,51.545,0
35.6507,51.545,0
38.2766,51.545,0
41.0218,51.545,0
43.889,51.545,0
46.8809,51.545,0
50,51.545,0
-2,55.2926,0
-1.99956,55.2926,0
-1.99646,55.2926,0
-1.98807,55.2926,0
-1.97171,55.2926,0
-1.94475,55.2926,0
-1.90453,55.2926,0
-1.8484,55.2926,0
-1.7737,55.2926,0
-1.67779,55.2926,0
-1.55801,55.2926,0
-1.41171,55.2926,0
-1.23624,55.2926,0
-1.02894,55.2926,0
-0.787172,55.2926,0
-0.508275,55.2926,0
-0.189598,55.2926,0
0.17151,55.2926,0
0.577701,55.2926,0
1.03163,55.2926,0
1.53594,55.2926,0
2.09329,55.2926,0
2.70634,55.2926,0
3.37773,55.2926,0
4.11011,55.2926,0
4.90614,55.2926,0
5.76846,55.2926,0
6.69974,55.2926,0
7.70262,55.2926,0
8.77976,55.2926,0
9.9338,55.2926,0
11.1674,55.2926,0
12.4832,55.2926,0
13.8839,55.2926,0
15.3721,55.2926,0
16.9504,55.2926,0
18.6216,55.2926,0
20.3883,55.2926,0
22.253,55.2926,0
24.2186,55.2926,0
26.2875,55.2926,0
28.4626,55.2926,0
30.7464,55.2926,0
33.1415,55.2926,0
35.6507,55.2926,0
38.2766,55.2926,0
41.0218,55.2926,0
43.889,55.2926,0
46.8809,55.2926,0
50,55.2926,0
-2,59.1716,0
-1.99956,59.1716,0
-1.99646,59.1716,0
-1.98807,59.1716,0
-1.97171,59.1716,0
-1.94475,59.1716,0
-1.90453,59.1716,0
-1.8484,59.1716,0
-1.7737,59.1716,0
-1.67779,59.1716,0
-1.55801,59.1716,0
-1.41171,59.1716,0
-1.23624,59.1716,0
-1.02894,59.1716,0
-0.787172,59.1716,0
-0.508275,59.1716,0
-0.189598,59.1716,0
0.17151,59.1716,0
0.577701,59.1716,0
1.03163,59.1716,0
1.53594,59.1716,0
2.09329,59.1716,0
2.70634,59.1716,0
3.37773,59.1716,0
4.11011,59.1716,0
4.90614,59.1716,0
5.76846,59.1716,0
6.69974,59.1716,0
7.70262,59.1716,0
8.77976,59.1716,0
9.9338,59.1716,0
11.1674,59.1716,0
12.4832,59.1716,0
13.8839,59.1716,0
15.3721,59.1716,0
16.9504,59.1716,0
18.6216,59.1716,0
20.3883,59.1716,0
22.253,59.1716,0
24.2186,59.1716,0
26.2875,59.1716,0
28.4626,59.1716,0
30.7464,59.1716,0
33.1415,59.1716,0
35.6507,59.1716,0
38.2766,59.1716,0
41.0218,59.1716,0
43.889,59.1716,0
46.8809,59.1716,0
50,59.1716,0
-2,63.1821,0
-1.99956,63.1821,0
-1.99646,63.1821,0
-1.98807,63.1821,0
-1.97171,63.1821,0
-1.94475,63.1821,0
-1.90453,63.1821,0
-1.8484,63.1821,0
-1.7737,63.1821,0
-1.67779,63.1821,0
-1.55801,63.1821,0
-1.41171,63.1821,0
-1.23624,63.1821,0
-1.02894,63.1821,0
-0.787172,63.1821,0
-0.508275,63.1821,0
-0.189598,63.1821,0
0.17151,63.1821,0
0.577701,63.1821,0
1.03163,63.1821,0
1.53594,63.1821,0
2.09329,63.1821,0
2.70634,63.1821,0
3.37773,63.1821,0
4.11011,63.1821,0
4.90614,63.1821,0
5.76846,63.1821,0
6.69974,63.1821,0
7.70262,63.1821,0
8.77976,63.1821,0
9.9338,63.1821,0
11.1674,63.1821,0
12.4832,63.1821,0
13.8839,63.1821,0
15.3721,63.1821,0
16.9504,63.1821,0
18.6216,63.1821,0
20.3883,63.1821,0
22.253,63.1821,0
24.2186,63.1821,0
26.2875,63.1821,0
28.4626,63.1821,0
30.7464,63.1821,0
33.1415,63.1821,0
35.6507,63.1821,0
38.2766,63.1821,0
41.0218,63.1821,0
43.889,63.1821,0
46.8809,63.1821,0
50,63.1821,0
-2,67.3241,0
-1.99956,67.3241,0
-1.99646,67.3241,0
-1.98807,67.3241,0
-1.97171,67.3241,0
-1.94475,67.3241,0
-1.90453,67.3241,0
-1.8484,67.3241,0
-1.7737,67.3241,0
-1.67779,67.3241,0
-1.55801,67.3241,0
-1.41171,67.3241,0
-1.23624,67.3241,0
-1.02894,67.3241,0
-0.787172,67.3241,0
-0.508275,67.3241,0
-0.189598,67.3241,0
0.17151,67.3241,0
0.577701,67.3241,0
1.03163,67.3241,0
1.53594,67.3241,0
2.09329,67.3241,0
2.70634,67.3241,0
3.37773,67.3241,0
4.11011,67.3241,0
4.90614,67.3241,0
5.76846,67.3241,0
6.69974,67.3241,0
7.70262,67.3241,0
8.77976,67.3241,0
9.9338,67.3241,0
11.1674,67.3241,0
12.4832,67.3241,0
13.8839,67.3241,0
15.3721,67.3241,0
16.9504,67.3241,0
18.6216,67.3241,0
20.3883,67.3241,0
22.253,67.3241,0
24.2186,67.3241,0
26.2875,67.3241,0
28.4626,67.3241,0
30.7464,67.3241,0
33.1415,67.3241,0
35.6507,67.3241,0
38.2766,67.3241,0
41.0218,67.3241,0
43.889,67.3241,0
46.8809,67.3241,0
50,67.3241,0
-2,71.5976,0
-1.99956,71.5976,0
-1.99646,71.5976,0
-1.98807,71.5976,0
-1.97171,71.5976,0
-1.94475,71.5976,0
-1.90453,71.5976,0
-1.8484,71.5976,0
-1.7737,71.5976,0
-1.67779,71.5976,0
-1.55801,71.5976,0
-1.41171,71.5976,0
-1.23624,71.5976,0
-1.02894,71.5976,0
-0.787172,71.5976,0
-0.508275,71.5976,0
-0.189598,71.5976,0
0.17151,71.5976,0
0.577701,71.5976,0
1.03163,71.5976,0
1.53594,71.5976,0
2.09329,71.5976,0
2.70634,71.5976,0
3.37773,71.5976,0
4.11011,71.5976,0
4.90614,71.5976,0
5.76846,71.5976,0
6.69974,71.5976,0
7.70262,71.5976,0
8.77976,71.5976,0
9.9338,71.5976,0
11.1674,71.5976,0
12.4832,71.5976,0
13.8839,71.5976,0
15.3721,71.5976,0
16.9504,71.5976,0
18.6216,71.5976,0
20.3883,71.5976,0
22.253,71.5976,0
24.2186,71.5976,0
26.2875,71.5976,0
28.4626,71.5976,0
30.7464,71.5976,0
33.1415,71.5976,0
35.6507,71.5976,0
38.2766,71.5976,0
41.0218,71.5976,0
43.889,71.5976,0
46.8809,71.5976,0
50,71.5976,0
-2,76.0026,0
-1.99956,76.0026,0
-1.99646,76.0026,0
-1.98807,76.0026,0
-1.97171,76.0026,0
-1.94475,76.0026,0
-1.90453,76.0026,0
-1.8484,76.0026,0
-1.7737,76.0026,0
-1.67779,76.0026,0
-1.55801,76.0026,0
-1.41171,76.0026,0
-1.23624,76.0026,0
-1.02894,76.0026,0
-0.787172,76.0026,0
-0.508275,76.0026,0
-0.189598,76.0026,0
0.17151,76.0026,0
0.577701,76.0026,0
1.03163,76.0026,0
1.53594,76.0026,0
2.09329,76.0026,0
2.70634,76.0026,0
3.37773,76.0026,0
4.11011,76.0026,0
4.90614,76.0026,0
5.76846,76.0026,0
6.69974,76.0026,0
7.70262,76.0026,0
8.77976,76.0026,0
9.9338,76.0026,0
11.1674,76.0026,0
12.4832,76.0026,0
13.8839,76.0026,0
15.3721,76.0026,0
16.9504,76.0026,0
18.6216,76.0026,0
20.3883,76.0026,0
22.253,76.0026,0
24.2186,76.0026,0
26.2875,76.0026,0
28.4626,76.0026,0
30.7464,76.0026,0
33.1415,76.0026,0
35.6507,76.0026,0
38.2766,76.0026,0
41.0218,76.0026,0
43.889,76.0026,0
46.8809,76.0026,0
50,76.0026,0
-2,80.5391,0
-1.99956,80.5391,0
-1.99646,80.5391,0
-1.98807,80.5391,0
-1.97171,80.5391,0
-1.94475,80.5391,0
-1.90453,80.5391,0
-1.8484,80.5391,0
-1.7737,80.5391,0
-1.67779,80.5391,0
-1.55801,80.5391,0
-1.41171,80.5391,0
-1.23624,80.5391,0
-1.02894,80.5391,0
-0.787172,80.5391,0
-0.508275,80.5391,0
-0.189598,80.5391,0
0.17151,80.5391,0
0.577701,80.5391,0
1.03163,80.5391,0
1.53594,80.5391,0
2.09329,80.5391,0
2.70634,80.5391,0
3.37773,80.5391,0
4.11011,80.5391,0
4.90614,80.5391,0
5.76846,80.5391,0
6.69974,80.5391,0
7.70262,80.5391,0
8.77976,80.5391,0
9.9338,80.5391,0
11.1674,80.5391,0
12.4832,80.5391,0
13.8839,80.5391,0
15.3721,80.5391,0
16.9504,80.5391,0
18.6216,80.5391,0
20.3883,80.5391,0
22.253,80.5391,0
24.2186,80.5391,0
26.2875,80.5391,0
28.4626,80.5391,0
30.7464,80.5391,0
33.1415,80.5391,0
35.6507,80.5391,0
38.2766,80.5391,0
41.0218,80.5391,0
43.889,80.5391,0
46.8809,80.5391,0
50,80.5391,0
-2,85.2071,0
-1.99956,85.2071,0
-1.99646,85.2071,0
-1.98807,85.2071,0
-1.97171,85.2071,0
-1.94475,85.2071,0
-1.90453,85.2071,0
-1.8484,85.2071,0
-1.7737,85.2071,0
-1.67779,85.2071,0
-1.55801,85.2071,0
-1.41171,85.2071,0
-1.23624,85.2071,0
-1.02894,85.2071,0
-0.787172,85.2071,0
-0.508275,85.2071,0
-0.189598,85.2071,0
0.17151,85.2071,0
0.577701,85.2071,0
1.03163,85.2071,0
1.53594,85.2071,0
2.09329,85.2071,0
2.70634,85.2071,0
3.37773,85.2071,0
4.11011,85.2071,0
4.90614,85.2071,0
5.76846,85.2071,0
6.69974,85.2071,0
7.70262,85.2071,0
8.77976,85.2071,0
9.9338,85.2071,0
11.1674,85.2071,0
12.4832,85.2071,0
13.8839,85.2071,0
15.3721,85.2071,0
16.9504,85.2071,0
18.6216,85.2071,0
20.3883,85.2071,0
22.253,85.2071,0
24.2186,85.2071,0
26.2875,85.2071,0
28.4626,85.2071,0
30.7464,85.2071,0
33.1415,85.2071,0
35.6507,85.2071,0
38.2766,85.2071,0
41.0218,85.2071,0
43.889,85.2071,0
46.8809,85.2071,0
50,85.2071,0
-2,90.0066,0
-1.99956,90.0066,0
-1.99646,90.0066,0
-1.98807,90.0066,0
-1.97171,90.0066,0
-1.94475,90.0066,0
-1.90453,90.0066,0
-1.8484,90.0066,0
-1.7737,90.0066,0
-1.67779,90.0066,0
-1.55801,90.0066,0
-1.41171,90.0066,0
-1.23624,90.0066,0
-1.02894,90.0066,0
-0.787172,90.0066,0
-0.508275,90.0066,0
-0.189598,90.0066,0
0.17151,90.0066,0
0.577701,90.0066,0
1.03163,90.0066,0
1.53594,90.0066,0
2.09329,90.0066,0
2.70634,90.0066,0
3.37773,90.0066,0
4.11011,90.0066,0
4.90614,90.0066,0
5.76846,90.0066,0
6.69974,90.0066,0
7.70262,90.0066,0
8.77976,90.0066,0
9.9338,90.0066,0
11.1674,90.0066,0
12.4832,90.0066,0
13.8839,90.0066,0
15.3721,90.0066,0
16.9504,90.0066,0
18.6216,90.0066,0
20.3883,90.0066,0
22.253,90.0066,0
24.2186,90.0066,0
26.2875,90.0066,0
28.4626,90.0066,0
30.7464,90.0066,0
33.1415,90.0066,0
35.6507,90.0066,0
38.2766,90.0066,0
41.0218,90.0066,0
43.889,90.0066,0
46.8809,90.0066,0
50,90.0066,0
-2,94.9375,0
-1.99956,94.9375,0
-1.99646,94.9375,0
-1.98807,94.9375,0
-1.97171,94.9375,0
-1.94475,94.9375,0
-1.90453,94.9375,0
-1.8484,94.9375,0
-1.7737,94.9375,0
-1.67779,94.9375,0
-1.55801,94.9375,0
-1.41171,94.9375,0
-1.23624,94.9375,0
-1.02894,94.9375,0
-0.787172,94.9375,0
-0.508275,94.9375,0
-0.189598,94.9375,0
0.17151,94.9375,0
0.577701,94.9375,0
1.03163,94.9375,0
1.53594,94.9375,0
2.09329,94.9375,0
2.70634,94.9375,0
3.37773,94.9375,0
4.11011,94.9375,0
4.90614,94.9375,0
5.76846,94.9375,0
6.69974,94.9375,0
7.70262,94.9375,0
8.77976,94.9375,0
9.9338,94.9375,0
11.1674,94.9375,0
12.4832,94.9375,0
13.8839,94.9375,0
15.3721,94.9375,0
16.9504,94.9375,0
18.6216,94.9375,0
20.3883,94.9375,0
22.253,94.9375,0
24.2186,94.9375,0
26.2875,94.9375,0
28.4626,94.9375,0
30.7464,94.9375,0
33.1415,94.9375,0
35.6507,94.9375,0
38.2766,94.9375,0
41.0218,94.9375,0
43.889,94.9375,0
46.8809,94.9375,0
50,94.9375,0
-2,100,0
-1.99956,100,0
-1.99646,100,0
-1.98807,100,0
-1.97171,100,0
-1.94475,100,0
-1.90453,100,0
-1.8484,100,0
-1.7737,100,0
-1.67779,100,0
-1.55801,100,0
-1.41171,100,0
-1.23624,100,0
-1.02894,100,0
-0.787172,100,0
-0.508275,100,0
-0.189598,100,0
0.17151,100,0
0.577701,100,0
1.03163,100,0
1.53594,100,0
2.09329,100,0
2.70634,100,0
3.37773,100,0
4.11011,100,0
4.90614,100,0
5.76846,100,0
6.69974,100,0
7.70262,100,0
8.77976,100,0
9.9338,100,0
11.1674,100,0
12.4832,100,0
13.8839,100,0
15.3721,100,0
16.9504,100,0
18.6216,100,0
20.3883,100,0
22.253,100,0
24.2186,100,0
26.2875,100,0
28.4626,100,0
30.7464,100,0
33.1415,100,0
35.6507,100,0
38.2766,100,0
41.0218,100,0
43.889,100,0
46.8809,100,0
50,100,0
