asset,z_idx,consumption,next_asset,distribution
0.001,0,0.44324,0.001,0.00036282
0.00605035,0,0.448356,0.001,1.10288e-05
0.0212014,0,0.463125,0.00158092,1.85587e-05
0.0464532,0,0.475971,0.0143186,1.95337e-05
0.0818056,0,0.490348,0.0357578,2.04348e-05
0.127259,0,0.504619,0.0675377,2.10563e-05
0.182813,0,0.51926,0.109179,2.16516e-05
0.248467,0,0.534044,0.160912,2.21927e-05
0.324223,0,0.549025,0.222682,2.27006e-05
0.410079,0,0.564162,0.294527,2.31771e-05
0.506035,0,0.579459,0.376447,2.36335e-05
0.612093,0,0.594904,0.468453,2.40783e-05
0.728251,0,0.610492,0.570548,2.45172e-05
0.85451,0,0.626219,0.682738,2.49555e-05
0.990869,0,0.642079,0.805028,2.53985e-05
1.13733,0,0.658068,0.937421,2.58509e-05
1.29389,0,0.674184,1.07992,2.63154e-05
1.46055,0,0.690421,1.23254,2.67943e-05
1.63731,0,0.706776,1.39526,2.72849e-05
1.82418,0,0.723246,1.56811,2.77935e-05
2.02114,0,0.739828,1.75108,2.83386e-05
2.22821,0,0.756519,1.94417,2.88999e-05
2.44537,0,0.773316,2.14739,2.94683e-05
2.67264,0,0.790215,2.36074,3.00426e-05
2.91,0,0.807215,2.58423,3.06218e-05
3.15747,0,0.824312,2.81784,3.12056e-05
3.41504,0,0.841504,3.0616,3.17936e-05
3.68271,0,0.858789,3.3155,3.23855e-05
3.96048,0,0.876165,3.57954,3.29814e-05
4.24835,0,0.893629,3.85373,3.35814e-05
4.54632,0,0.911178,4.13806,3.41853e-05
4.85439,0,0.928812,4.43254,3.4793e-05
5.17256,0,0.946529,4.73718,3.54043e-05
5.50083,0,0.964325,5.05197,3.60193e-05
5.83921,0,0.982201,5.37691,3.66377e-05
6.18768,0,1.00015,5.712,3.72595e-05
6.54626,0,1.01818,6.05726,3.78848e-05
6.91493,0,1.03628,6.41267,3.85134e-05
7.29371,0,1.05446,6.77825,3.91455e-05
7.68259,0,1.0727,7.15399,3.97811e-05
8.08156,0,1.09102,7.53989,4.04204e-05
8.49064,0,1.1094,7.93595,4.10635e-05
8.90982,0,1.12786,8.34218,4.17109e-05
9.3391,0,1.14638,8.75858,4.23629e-05
9.77848,0,1.16496,9.18515,4.30201e-05
10.228,0,1.18361,9.62188,4.36827e-05
10.6875,0,1.20232,10.0688,4.43506e-05
11.1572,0,1.2211,10.5259,4.5024e-05
11.637,0,1.23993,10.9931,4.57029e-05
12.1269,0,1.25883,11.4705,4.63873e-05
12.6269,0,1.27779,11.9581,4.70771e-05
13.137,0,1.29681,12.4559,4.77724e-05
13.6572,0,1.31589,12.9638,4.84732e-05
14.1874,0,1.33503,13.4819,4.91794e-05
14.7278,0,1.35423,14.0102,4.98909e-05
15.2783,0,1.37348,14.5487,5.06078e-05
15.8389,0,1.39279,15.0973,5.13299e-05
16.4096,0,1.41216,15.6561,5.20571e-05
16.9904,0,1.43159,16.2251,5.27894e-05
17.5813,0,1.45107,16.8043,5.35268e-05
18.1823,0,1.47061,17.3936,5.42691e-05
18.7934,0,1.4902,17.9932,5.50163e-05
19.4146,0,1.50985,18.6029,5.57683e-05
20.0458,0,1.52956,19.2227,5.6525e-05
20.6872,0,1.54932,19.8528,5.72863e-05
21.3387,0,1.56914,20.493,5.80521e-05
22.0003,0,1.58901,21.1434,5.88224e-05
22.672,0,1.60893,21.804,5.9597e-05
23.3538,0,1.62892,22.4748,6.03757e-05
24.0457,0,1.64895,23.1557,6.11585e-05
24.7477,0,1.66905,23.8469,6.19452e-05
25.4598,0,1.68919,24.5482,6.27358e-05
26.182,0,1.70939,25.2596,6.353e-05
26.9143,0,1.72965,25.9813,6.43278e-05
27.6567,0,1.74997,26.7131,6.51289e-05
28.4092,0,1.77033,27.4552,6.59334e-05
29.1718,0,1.79076,28.2074,6.67411e-05
29.9445,0,1.81124,28.9697,6.75518e-05
30.7273,0,1.83177,29.7423,6.83655e-05
31.5202,0,1.85237,30.525,6.9182e-05
32.3233,0,1.87302,31.3179,7.00014e-05
33.1364,0,1.89372,32.121,7.08237e-05
33.9596,0,1.91448,32.9342,7.16487e-05
34.7929,0,1.9353,33.7577,7.24765e-05
35.6363,0,1.95618,34.5913,7.3307e-05
36.4898,0,1.97711,35.4351,7.41401e-05
37.3534,0,1.9981,36.289,7.49756e-05
38.2271,0,2.01915,37.1531,7.58135e-05
39.1109,0,2.04026,38.0275,7.66537e-05
40.0048,0,2.06143,38.9119,7.74961e-05
40.9089,0,2.08265,39.8066,7.83405e-05
41.823,0,2.10394,40.7114,7.91869e-05
42.7472,0,2.12528,41.6264,8.00352e-05
43.6815,0,2.14669,42.5516,8.08854e-05
44.6259,0,2.16815,43.487,8.17374e-05
45.5804,0,2.18968,44.4325,8.25913e-05
46.545,0,2.21127,45.3882,8.34472e-05
47.5198,0,2.23292,46.354,8.43051e-05
48.5046,0,2.25463,47.3301,8.51654e-05
49.4995,0,2.2764,48.3163,8.60285e-05
50.5045,0,2.29823,49.3127,8.68948e-05
51.5196,0,2.32013,50.3192,8.77651e-05
52.5449,0,2.3421,51.336,8.8639e-05
53.5802,0,2.36412,52.3628,8.95151e-05
54.6256,0,2.38621,53.3999,9.03927e-05
55.6811,0,2.40837,54.4471,9.12717e-05
56.7468,0,2.43059,55.5045,9.21519e-05
57.8225,0,2.45287,56.5721,9.30331e-05
58.9083,0,2.47522,57.6498,9.39151e-05
60.0042,0,2.49764,58.7377,9.47976e-05
61.1103,0,2.52013,59.8358,9.56805e-05
62.2264,0,2.54268,60.944,9.65633e-05
63.3526,0,2.5653,62.0624,9.74459e-05
64.4889,0,2.58798,63.191,9.83278e-05
65.6354,0,2.61074,64.3297,9.92086e-05
66.7919,0,2.63356,65.4786,0.000100088
67.9585,0,2.65646,66.6377,0.000100965
69.1353,0,2.67942,67.8069,0.000101839
70.3221,0,2.70246,68.9863,0.00010271
71.519,0,2.72556,70.1758,0.000103576
72.7261,0,2.74874,71.3755,0.000104436
73.9432,0,2.77198,72.5854,0.000105289
75.1704,0,2.7953,73.8054,0.000106138
76.4078,0,2.81869,75.0356,0.000107008
77.6552,0,2.84216,76.276,0.000107875
78.9128,0,2.8657,77.5265,0.00010874
80.1804,0,2.88931,78.7871,0.000109601
81.4581,0,2.91299,80.058,0.00011046
82.746,0,2.93675,81.339,0.000111315
84.0439,0,2.96059,82.6301,0.000112167
85.352,0,2.9845,83.9314,0.000113015
86.6701,0,3.00849,85.2429,0.000113859
87.9983,0,3.03255,86.5645,0.000114699
89.3367,0,3.05669,87.8963,0.000115535
90.6851,0,3.08091,89.2382,0.000116367
92.0437,0,3.1052,90.5903,0.000117193
93.4123,0,3.12957,91.9525,0.000118014
94.7911,0,3.15403,93.3249,0.000118829
96.1799,0,3.17856,94.7075,0.000119637
97.5789,0,3.20317,96.1002,0.000120438
98.9879,0,3.22786,97.5031,0.000121231
100.407,0,3.25263,98.9161,0.000122015
101.836,0,3.27748,100.339,0.00012279
103.276,0,3.30242,101.773,0.000123555
104.725,0,3.32743,103.216,0.000124308
106.185,0,3.35253,104.67,0.000125049
107.654,0,3.37771,106.133,0.000125777
109.134,0,3.40298,107.607,0.000126491
110.624,0,3.42833,109.091,0.000127189
112.124,0,3.45376,110.586,0.00012787
113.634,0,3.47928,112.09,0.000128532
115.154,0,3.50488,113.604,0.000129174
116.684,0,3.53057,115.129,0.000129794
118.225,0,3.55635,116.664,0.000130389
119.775,0,3.58222,118.209,0.000130958
121.336,0,3.60817,119.764,0.000131498
122.906,0,3.63421,121.329,0.000132007
124.487,0,3.66034,122.905,0.000132226
126.078,0,3.68656,124.49,0.000132479
127.679,0,3.71287,126.086,0.000132812
129.29,0,3.73927,127.692,0.00013309
130.911,0,3.76576,129.308,0.000133309
132.542,0,3.79235,130.934,0.000133461
134.184,0,3.81903,132.57,0.00013354
135.835,0,3.8458,134.216,0.000133537
137.497,0,3.87266,135.873,0.000133445
139.169,0,3.89962,137.54,0.000133254
140.85,0,3.92668,139.216,0.000132953
142.542,0,3.95383,140.903,0.000132531
144.244,0,3.98108,142.6,0.000131974
145.956,0,4.00843,144.308,0.000131269
147.678,0,4.03587,146.025,0.0001304
149.411,0,4.06342,147.752,0.000129351
151.153,0,4.09106,149.49,0.000128103
152.905,0,4.11881,151.238,0.000126635
154.668,0,4.14666,152.996,0.000124927
156.441,0,4.17461,154.764,0.000122956
158.223,0,4.20267,156.542,0.000120697
160.016,0,4.23083,158.33,0.000118124
161.819,0,4.2591,160.128,0.00011521
163.632,0,4.28748,161.937,0.000111929
165.456,0,4.31596,163.755,0.000108253
167.289,0,4.34455,165.584,0.000104156
169.132,0,4.37325,167.423,9.96133e-05
170.986,0,4.40206,169.272,9.46049e-05
172.849,0,4.43099,171.131,8.91159e-05
174.723,0,4.46002,173,8.314e-05
176.607,0,4.48917,174.88,7.66824e-05
178.501,0,4.51844,176.769,6.97645e-05
180.405,0,4.54782,178.669,6.24282e-05
182.319,0,4.57732,180.579,5.47425e-05
184.243,0,4.60693,182.498,4.68098e-05
186.177,0,4.63666,184.428,3.87731e-05
188.122,0,4.66651,186.368,3.0822e-05
190.076,0,4.69649,188.319,2.31973e-05
192.041,0,4.72658,190.279,1.6189e-05
194.015,0,4.7568,192.249,1.0124e-05
196,0,4.78714,194.23,5.33217e-06
197.995,0,4.8176,196.22,2.07671e-06
200,0,4.84819,198.221,4.20568e-07
0.001,1,0.794179,0.001,0.000881973
0.00605035,1,0.799296,0.001,6.39007e-05
0.0212014,1,0.809062,0.00658411,7.32199e-05
0.0464532,1,0.81946,0.021769,7.93274e-05
0.0818056,1,0.830218,0.0468275,8.57267e-05
0.127259,1,0.841402,0.0816937,8.96971e-05
0.182813,1,0.852928,0.126452,9.44275e-05
0.248467,1,0.864791,0.181105,9.90815e-05
0.324223,1,0.876966,0.24568,0.000103725
0.410079,1,0.889434,0.320195,0.000107809
0.506035,1,0.902176,0.40467,0.000111251
0.612093,1,0.915175,0.499121,0.000114345
0.728251,1,0.928415,0.603564,0.000117098
0.85451,1,0.941884,0.718012,0.000119531
0.990869,1,0.955568,0.842478,0.000121698
1.13733,1,0.969458,0.976972,0.000123702
1.29389,1,0.983542,1.1215,0.000125675
1.46055,1,0.997811,1.27609,0.000127719
1.63731,1,1.01226,1.44072,0.000130231
1.82418,1,1.02687,1.61542,0.000130564
2.02114,1,1.04165,1.8002,0.000132686
2.22821,1,1.05658,1.99505,0.000135707
2.44537,1,1.07165,2.2,0.000138864
2.67264,1,1.08687,2.41503,0.000142149
2.91,1,1.10222,2.64015,0.000145478
3.15747,1,1.11771,2.87538,0.000148886
3.41504,1,1.13333,3.12072,0.000152334
3.68271,1,1.14907,3.37616,0.000155816
3.96048,1,1.16493,3.64172,0.000159312
4.24835,1,1.1809,3.91739,0.000162852
4.54632,1,1.19699,4.20319,0.000166428
4.85439,1,1.21319,4.49911,0.000170041
5.17256,1,1.2295,4.80515,0.000173686
5.50083,1,1.24591,5.12132,0.000177363
5.83921,1,1.26242,5.44763,0.000181069
6.18768,1,1.27903,5.78407,0.000184801
6.54626,1,1.29574,6.13064,0.000188559
6.91493,1,1.31254,6.48736,0.000192339
7.29371,1,1.32943,6.85421,0.000196139
7.68259,1,1.34642,7.23121,0.000199956
8.08156,1,1.36349,7.61835,0.000203784
8.49064,1,1.38065,8.01564,0.00020762
8.90982,1,1.3979,8.42308,0.000211456
9.3391,1,1.41523,8.84067,0.000215288
9.77848,1,1.43264,9.26841,0.000219136
10.228,1,1.45014,9.70629,0.000223016
10.6875,1,1.46771,10.1543,0.000226928
11.1572,1,1.48536,10.6125,0.000230874
11.637,1,1.50309,11.0809,0.000234855
12.1269,1,1.5209,11.5594,0.000238871
12.6269,1,1.53878,12.0481,0.000242924
13.137,1,1.55674,12.5469,0.000247014
13.6572,1,1.57477,13.0559,0.000251142
14.1874,1,1.59287,13.575,0.000255309
14.7278,1,1.61105,14.1043,0.000259514
15.2783,1,1.6293,14.6438,0.000263758
15.8389,1,1.64761,15.1934,0.00026804
16.4096,1,1.666,15.7532,0.00027236
16.9904,1,1.68446,16.3232,0.000276718
17.5813,1,1.70299,16.9033,0.000281112
18.1823,1,1.72159,17.4936,0.000285542
18.7934,1,1.74026,18.094,0.000290009
19.4146,1,1.75899,18.7047,0.000294513
20.0458,1,1.77779,19.3254,0.000299052
20.6872,1,1.79666,19.9564,0.000303628
21.3387,1,1.8156,20.5975,0.000308239
22.0003,1,1.83461,21.2488,0.000312885
22.672,1,1.85368,21.9102,0.000317566
23.3538,1,1.87282,22.5818,0.000322281
24.0457,1,1.89202,23.2636,0.00032703
24.7477,1,1.91129,23.9556,0.000331811
25.4598,1,1.93063,24.6577,0.000336625
26.182,1,1.95004,25.3699,0.000341469
26.9143,1,1.96951,26.0924,0.000346344
27.6567,1,1.98904,26.825,0.000351248
28.4092,1,2.00865,27.5678,0.00035618
29.1718,1,2.02832,28.3207,0.000361139
29.9445,1,2.04805,29.0838,0.000366123
30.7273,1,2.06785,29.8571,0.00037113
31.5202,1,2.08772,30.6406,0.000376159
32.3233,1,2.10766,31.4342,0.000381207
33.1364,1,2.12766,32.238,0.000386272
33.9596,1,2.14773,33.0519,0.000391357
34.7929,1,2.16786,33.876,0.000396463
35.6363,1,2.18806,34.7103,0.00040159
36.4898,1,2.20833,35.5548,0.000406739
37.3534,1,2.22867,36.4094,0.000411909
38.2271,1,2.24907,37.2742,0.0004171
39.1109,1,2.26954,38.1491,0.00042231
40.0048,1,2.29008,39.0342,0.000427539
40.9089,1,2.31069,39.9295,0.000432785
41.823,1,2.33137,40.8349,0.000438048
42.7472,1,2.35211,41.7505,0.000443324
43.6815,1,2.37293,42.6763,0.000448613
44.6259,1,2.39381,43.6122,0.000453911
45.5804,1,2.41476,44.5583,0.000459217
46.545,1,2.43578,45.5146,0.000464526
47.5198,1,2.45687,46.481,0.000469835
48.5046,1,2.47803,47.4576,0.00047514
49.4995,1,2.49927,48.4444,0.000480433
50.5045,1,2.52057,49.4413,0.000485708
51.5196,1,2.54194,50.4484,0.00049099
52.5449,1,2.56339,51.4656,0.000496364
53.5802,1,2.58491,52.493,0.000501818
54.6256,1,2.60649,53.5306,0.00050729
55.6811,1,2.62816,54.5783,0.000512778
56.7468,1,2.64989,55.6362,0.000518283
57.8225,1,2.6717,56.7042,0.000523804
58.9083,1,2.69358,57.7824,0.00052934
60.0042,1,2.71553,58.8708,0.000534893
61.1103,1,2.73756,59.9693,0.00054046
62.2264,1,2.75966,61.078,0.000546043
63.3526,1,2.78184,62.1968,0.000551643
64.4889,1,2.80409,63.3258,0.000557258
65.6354,1,2.82642,64.465,0.000562889
66.7919,1,2.84882,65.6143,0.000568539
67.9585,1,2.8713,66.7738,0.000574206
69.1353,1,2.89385,67.9434,0.000579894
70.3221,1,2.91649,69.1232,0.000585604
71.519,1,2.9392,70.3131,0.000591339
72.7261,1,2.96198,71.5132,0.000597102
73.9432,1,2.98485,72.7235,0.000602566
75.1704,1,3.00779,73.9439,0.000607014
76.4078,1,3.03081,75.1744,0.000612608
77.6552,1,3.05391,76.4151,0.000618198
78.9128,1,3.07709,77.666,0.000623783
80.1804,1,3.10035,78.927,0.000629359
81.4581,1,3.12369,80.1982,0.000634924
82.746,1,3.14711,81.4795,0.000640476
84.0439,1,3.17062,82.771,0.00064601
85.352,1,3.1942,84.0727,0.000651526
86.6701,1,3.21786,85.3844,0.000657021
87.9983,1,3.24161,86.7064,0.000662499
89.3367,1,3.26544,88.0385,0.000667965
90.6851,1,3.28935,89.3807,0.000673423
92.0437,1,3.31335,90.7331,0.000678873
93.4123,1,3.33743,92.0956,0.000684312
94.7911,1,3.36159,93.4683,0.000689738
96.1799,1,3.38584,94.8512,0.000695149
97.5789,1,3.41018,96.2441,0.000700544
98.9879,1,3.4346,97.6473,0.00070592
100.407,1,3.4591,99.0605,0.000711276
101.836,1,3.4837,100.484,0.000716611
103.276,1,3.50838,101.918,0.000721921
104.725,1,3.53315,103.361,0.000727206
106.185,1,3.558,104.815,0.000732463
107.654,1,3.58295,106.279,0.000737689
109.134,1,3.60798,107.753,0.000742883
110.624,1,3.6331,109.238,0.000748041
112.124,1,3.65832,110.732,0.000753161
113.634,1,3.68362,112.237,0.000758239
115.154,1,3.70902,113.751,0.000763271
116.684,1,3.7345,115.276,0.000768254
118.225,1,3.76008,116.811,0.000773184
119.775,1,3.78575,118.356,0.000778054
121.336,1,3.81152,119.912,0.00078286
122.906,1,3.83738,121.477,0.000787595
124.487,1,3.86333,123.053,0.000792251
126.078,1,3.88938,124.638,0.000796859
127.679,1,3.91553,126.234,0.000801404
129.29,1,3.94177,127.84,0.000805861
130.911,1,3.96811,129.456,0.000810223
132.542,1,3.99454,131.082,0.00081448
134.184,1,4.02108,132.719,0.00081862
135.835,1,4.04771,134.365,0.000822633
137.497,1,4.07445,136.022,0.000826504
139.169,1,4.10128,137.689,0.000830217
140.85,1,4.12822,139.366,0.000833754
142.542,1,4.15525,141.053,0.000837094
144.244,1,4.1824,142.75,0.00084021
145.956,1,4.20964,144.457,0.000843075
147.678,1,4.23699,146.175,0.000845653
149.411,1,4.26444,147.902,0.000847904
151.153,1,4.292,149.64,0.000849781
152.905,1,4.31967,151.388,0.000851227
154.668,1,4.34744,153.146,0.000852175
156.441,1,4.37532,154.914,0.000852544
158.223,1,4.40332,156.692,0.00085224
160.016,1,4.43142,158.48,0.000851146
161.819,1,4.45963,160.279,0.000849126
163.632,1,4.48796,162.087,0.000846014
165.456,1,4.5164,163.906,0.00084161
167.289,1,4.54495,165.735,0.000835676
169.132,1,4.57362,167.574,0.000827921
170.986,1,4.6024,169.423,0.000818
172.849,1,4.6313,171.282,0.000805495
174.723,1,4.66031,173.151,0.000789909
176.607,1,4.68945,175.03,0.000770651
178.501,1,4.7187,176.92,0.000747026
180.405,1,4.74807,178.82,0.000718227
182.319,1,4.77757,180.729,0.000683339
184.243,1,4.80718,182.649,0.000641355
186.177,1,4.83692,184.579,0.00059123
188.122,1,4.86678,186.519,0.000531983
190.076,1,4.89676,188.469,0.000462898
192.041,1,4.92687,190.43,0.000383876
194.015,1,4.95711,192.4,0.000296051
196,1,4.98747,194.38,0.000202816
197.995,1,5.01796,196.371,0.000111538
200,1,5.04857,198.372,3.63632e-05
0.001,2,1.32017,0.103813,8.77306e-05
0.00605035,2,1.32073,0.10837,6.45158e-06
0.0212014,2,1.32241,0.12204,7.35548e-06
0.0464532,2,1.32507,0.144972,7.9726e-06
0.0818056,2,1.32872,0.177139,5.17949e-05
0.127259,2,1.33315,0.21875,6.52064e-05
0.182813,2,1.33839,0.269793,7.90351e-05
0.248467,2,1.34433,0.330371,9.18248e-05
0.324223,2,1.35087,0.400588,0.000117041
0.410079,2,1.35797,0.480465,0.000142406
0.506035,2,1.36563,0.570028,0.000159737
0.612093,2,1.37378,0.669322,0.000176158
0.728251,2,1.3824,0.778388,0.000191227
0.85451,2,1.39144,0.897259,0.000203948
0.990869,2,1.40089,1.02597,0.000213356
1.13733,2,1.4107,1.16454,0.000219176
1.29389,2,1.42086,1.31299,0.000221672
1.46055,2,1.43135,1.47136,0.000222804
1.63731,2,1.44214,1.63965,0.00027186
1.82418,2,1.45317,1.81794,0.000230764
2.02114,2,1.46446,2.0062,0.000216323
2.22821,2,1.47601,2.20443,0.000220719
2.44537,2,1.48781,2.41264,0.000225752
2.67264,2,1.49986,2.63085,0.000233155
2.91,2,1.51213,2.85905,0.000239805
3.15747,2,1.52463,3.09728,0.000247665
3.41504,2,1.53733,3.34552,0.000255795
3.68271,2,1.55024,3.6038,0.000264566
3.96048,2,1.56333,3.87212,0.000272537
4.24835,2,1.57662,4.15048,0.00028087
4.54632,2,1.59009,4.4389,0.000289265
4.85439,2,1.60373,4.73738,0.000297893
5.17256,2,1.61753,5.04592,0.000306628
5.50083,2,1.6315,5.36454,0.000315529
5.83921,2,1.64563,5.69322,0.000324561
6.18768,2,1.65991,6.03199,0.000333724
6.54626,2,1.67434,6.38085,0.000343024
6.91493,2,1.68891,6.73979,0.000352461
7.29371,2,1.70362,7.10883,0.000362052
7.68259,2,1.71847,7.48797,0.000371811
8.08156,2,1.73345,7.8772,0.000381727
8.49064,2,1.74856,8.27654,0.000391823
8.90982,2,1.7638,8.68599,0.000402138
9.3391,2,1.77916,9.10554,0.000411893
9.77848,2,1.79464,9.53521,0.000421192
10.228,2,1.81024,9.975,0.000430542
10.6875,2,1.82596,10.4249,0.000439964
11.1572,2,1.84179,10.8849,0.000449464
11.637,2,1.85773,11.3551,0.000459012
12.1269,2,1.87378,11.8353,0.000468624
12.6269,2,1.88994,12.3257,0.000478331
13.137,2,1.9062,12.8262,0.000488126
13.6572,2,1.92257,13.3369,0.000497999
14.1874,2,1.93905,13.8577,0.000507973
14.7278,2,1.95562,14.3886,0.000518061
15.2783,2,1.97229,14.9296,0.000528251
15.8389,2,1.98907,15.4808,0.000538559
16.4096,2,2.00594,16.0421,0.000548998
16.9904,2,2.02291,16.6135,0.000559562
17.5813,2,2.03997,17.1951,0.000570239
18.1823,2,2.05713,17.7869,0.000580994
18.7934,2,2.07438,18.3887,0.000591865
19.4146,2,2.09173,19.0007,0.00060285
20.0458,2,2.10916,19.6229,0.000613927
20.6872,2,2.12669,20.2552,0.000625125
21.3387,2,2.1443,20.8976,0.000636433
22.0003,2,2.16201,21.5502,0.000647847
22.672,2,2.17981,22.2129,0.000659379
23.3538,2,2.19769,22.8858,0.00067102
24.0457,2,2.21566,23.5688,0.000682774
24.7477,2,2.23372,24.2619,0.000694641
25.4598,2,2.25187,24.9652,0.000706618
26.182,2,2.2701,25.6787,0.000718708
26.9143,2,2.28841,26.4023,0.00073091
27.6567,2,2.30682,27.136,0.000743226
28.4092,2,2.3253,27.8799,0.000755654
29.1718,2,2.34388,28.634,0.000768197
29.9445,2,2.36253,29.3982,0.000780856
30.7273,2,2.38127,30.1725,0.000793631
31.5202,2,2.4001,30.957,0.000806526
32.3233,2,2.41901,31.7517,0.000819542
33.1364,2,2.438,32.5564,0.000832533
33.9596,2,2.45707,33.3714,0.000845555
34.7929,2,2.47623,34.1965,0.0008586
35.6363,2,2.49547,35.0317,0.000871715
36.4898,2,2.5148,35.8771,0.000884884
37.3534,2,2.5342,36.7327,0.000898136
38.2271,2,2.55369,37.5983,0.000911457
39.1109,2,2.57327,38.4742,0.000924865
40.0048,2,2.59292,39.3602,0.000938352
40.9089,2,2.61266,40.2563,0.000951926
41.823,2,2.63248,41.1626,0.000965578
42.7472,2,2.65238,42.0791,0.000979321
43.6815,2,2.67237,43.0057,0.000993146
44.6259,2,2.69244,43.9424,0.00100707
45.5804,2,2.71259,44.8893,0.00102108
46.545,2,2.73282,45.8464,0.00103519
47.5198,2,2.75314,46.8136,0.00104941
48.5046,2,2.77354,47.7909,0.00106374
49.4995,2,2.79402,48.7784,0.00107818
50.5045,2,2.81459,49.7761,0.00109276
51.5196,2,2.83524,50.7839,0.00110471
52.5449,2,2.85597,51.8018,0.00111625
53.5802,2,2.87679,52.8299,0.00113033
54.6256,2,2.89769,53.8682,0.00114446
55.6811,2,2.91867,54.9166,0.00115865
56.7468,2,2.93974,55.9751,0.00117289
57.8225,2,2.96089,57.0438,0.00118719
58.9083,2,2.98213,58.1227,0.00120154
60.0042,2,3.00345,59.2117,0.00121594
61.1103,2,3.02486,60.3108,0.00123038
62.2264,2,3.04635,61.4201,0.00124486
63.3526,2,3.06792,62.5395,0.00125938
64.4889,2,3.08958,63.6691,0.00127394
65.6354,2,3.11133,64.8089,0.00128854
66.7919,2,3.13316,65.9588,0.00130317
67.9585,2,3.15508,67.1188,0.00131782
69.1353,2,3.17708,68.289,0.00133251
70.3221,2,3.19917,69.4693,0.00134721
71.519,2,3.22135,70.6598,0.00136193
72.7261,2,3.24362,71.8604,0.00137666
73.9432,2,3.26597,73.0711,0.00139139
75.1704,2,3.28841,74.2921,0.00140616
76.4078,2,3.31094,75.5231,0.00142112
77.6552,2,3.33356,76.7643,0.00143613
78.9128,2,3.35626,78.0157,0.00145118
80.1804,2,3.37905,79.2771,0.00146627
81.4581,2,3.40194,80.5488,0.00148139
82.746,2,3.42491,81.8306,0.00149655
84.0439,2,3.44797,83.1225,0.00151173
85.352,2,3.47112,84.4245,0.00152689
86.6701,2,3.49436,85.7368,0.00154198
87.9983,2,3.5177,87.0591,0.00155689
89.3367,2,3.54112,88.3916,0.00157159
90.6851,2,3.56464,89.7342,0.00158632
92.0437,2,3.58824,91.087,0.00160108
93.4123,2,3.61194,92.4499,0.00161585
94.7911,2,3.63573,93.823,0.00163064
96.1799,2,3.65962,95.2062,0.00164544
97.5789,2,3.68359,96.5995,0.00166025
98.9879,2,3.70767,98.003,0.00167506
100.407,2,3.73183,99.4166,0.00168987
101.836,2,3.75609,100.84,0.00170467
103.276,2,3.78045,102.274,0.00171947
104.725,2,3.8049,103.718,0.00173425
106.185,2,3.82944,105.172,0.00174904
107.654,2,3.85408,106.637,0.00176381
109.134,2,3.87882,108.111,0.00177858
110.624,2,3.90366,109.596,0.00179334
112.124,2,3.92859,111.091,0.00180809
113.634,2,3.95363,112.595,0.00182284
115.154,2,3.97876,114.11,0.00183759
116.684,2,4.00399,115.635,0.00185233
118.225,2,4.02932,117.171,0.00186708
119.775,2,4.05475,118.716,0.00188183
121.336,2,4.08028,120.272,0.0018966
122.906,2,4.10592,121.837,0.00191139
124.487,2,4.13165,123.413,0.0019262
126.078,2,4.15749,124.999,0.00194105
127.679,2,4.18343,126.595,0.00195594
129.29,2,4.20948,128.201,0.00197088
130.911,2,4.23563,129.817,0.00198589
132.542,2,4.26188,131.444,0.00200098
134.184,2,4.28824,133.08,0.00201616
135.835,2,4.31471,134.727,0.00203146
137.497,2,4.34128,136.384,0.00204691
139.169,2,4.36797,138.051,0.00206252
140.85,2,4.39476,139.728,0.00207834
142.542,2,4.42166,141.415,0.00209439
144.244,2,4.44867,143.112,0.00211073
145.956,2,4.47579,144.82,0.0021274
147.678,2,4.50302,146.537,0.00214445
149.411,2,4.53037,148.265,0.00216196
151.153,2,4.55783,150.003,0.00218001
152.905,2,4.5854,151.751,0.00219867
154.668,2,4.61308,153.509,0.00221805
156.441,2,4.64088,155.277,0.00223828
158.223,2,4.6688,157.055,0.00225949
160.016,2,4.69683,158.844,0.00228182
161.819,2,4.72499,160.642,0.00230547
163.632,2,4.75326,162.451,0.00233064
165.456,2,4.78164,164.269,0.00235755
167.289,2,4.81015,166.098,0.00238647
169.132,2,4.83878,167.937,0.00241766
170.986,2,4.86753,169.786,0.00245143
172.849,2,4.89641,171.646,0.00248805
174.723,2,4.9254,173.515,0.00252778
176.607,2,4.95452,175.394,0.00257075
178.501,2,4.98376,177.284,0.00261692
180.405,2,5.01313,179.183,0.00266584
182.319,2,5.04262,181.093,0.00271642
184.243,2,5.07224,183.013,0.00276642
186.177,2,5.10199,184.943,0.00281173
188.122,2,5.13186,186.883,0.00284511
190.076,2,5.16186,188.833,0.00285426
192.041,2,5.19199,190.793,0.00281869
194.015,2,5.22225,192.764,0.00270475
196,2,5.25264,194.744,0.00245777
197.995,2,5.28316,196.735,0.00198957
200,2,5.31382,198.735,0.00115869
0.001,3,1.92141,0.629262,3.55e-06
0.00605035,3,1.92166,0.634129,2.62392e-07
0.0212014,3,1.92241,0.648731,2.98646e-07
0.0464532,3,1.92366,0.673067,3.23752e-07
0.0818056,3,1.9254,0.707138,3.87459e-06
0.127259,3,1.92763,0.750965,4.95297e-06
0.182813,3,1.93032,0.804555,6.06224e-06
0.248467,3,1.93349,0.867904,7.087e-06
0.324223,3,1.93708,0.941062,9.12623e-06
0.410079,3,1.94112,1.02401,1.11799e-05
0.506035,3,1.94558,1.11676,1.25804e-05
0.612093,3,1.95045,1.21934,1.77128e-05
0.728251,3,1.95572,1.33175,2.43895e-05
0.85451,3,1.96139,1.454,2.87884e-05
0.990869,3,1.96741,1.58614,3.1872e-05
1.13733,3,1.97378,1.72814,3.66477e-05
1.29389,3,1.98051,1.88004,4.34635e-05
1.46055,3,1.98757,2.04182,5.5196e-05
1.63731,3,1.99496,2.21352,5.8352e-05
1.82418,3,2.00265,2.39514,6.16102e-05
2.02114,3,2.01065,2.58669,7.56671e-05
2.22821,3,2.01894,2.78818,8.29562e-05
2.44537,3,2.02753,2.99962,8.51483e-05
2.67264,3,2.03638,3.22101,9.78811e-05
2.91,3,2.04551,3.45237,0.000102949
3.15747,3,2.05489,3.6937,0.000112348
3.41504,3,2.06451,3.94503,0.000120303
3.68271,3,2.07438,4.20635,0.000135378
3.96048,3,2.08449,4.47766,0.000143996
4.24835,3,2.09483,4.75897,0.000154404
4.54632,3,2.10539,5.05029,0.000163993
4.85439,3,2.11617,5.35162,0.000174447
5.17256,3,2.12717,5.66298,0.00018466
5.50083,3,2.13837,5.98436,0.000195305
5.83921,3,2.14977,6.31577,0.000206212
6.18768,3,2.16137,6.65723,0.00021707
6.54626,3,2.17316,7.00872,0.000228218
6.91493,3,2.18513,7.37026,0.000239412
7.29371,3,2.19728,7.74186,0.000250757
7.68259,3,2.20961,8.12351,0.000262686
8.08156,3,2.22211,8.51523,0.000274307
8.49064,3,2.23478,8.91701,0.000286119
8.90982,3,2.24761,9.32887,0.000304431
9.3391,3,2.2606,9.7508,0.000321245
9.77848,3,2.27375,10.1828,0.000333103
10.228,3,2.28706,10.6249,0.000344818
10.6875,3,2.30052,11.077,0.000356692
11.1572,3,2.31413,11.5393,0.000369043
11.637,3,2.3279,12.0116,0.00038098
12.1269,3,2.3418,12.494,0.000392843
12.6269,3,2.35586,12.9865,0.000405031
13.137,3,2.37005,13.4891,0.000417383
13.6572,3,2.38439,14.0018,0.000429451
14.1874,3,2.39886,14.5245,0.000441705
14.7278,3,2.41346,15.0574,0.00045425
15.2783,3,2.4282,15.6004,0.000466674
15.8389,3,2.44307,16.1535,0.000479188
16.4096,3,2.45807,16.7167,0.000492032
16.9904,3,2.47319,17.29,0.000505155
17.5813,3,2.48845,17.8733,0.00051886
18.1823,3,2.50382,18.4669,0.000532051
18.7934,3,2.51932,19.0705,0.000545625
19.4146,3,2.53494,19.6842,0.000559592
20.0458,3,2.55068,20.308,0.000573267
20.6872,3,2.56654,20.942,0.000587368
21.3387,3,2.58252,21.5861,0.000601638
22.0003,3,2.59861,22.2403,0.000615903
22.672,3,2.61482,22.9046,0.000630513
23.3538,3,2.63114,23.579,0.000645213
24.0457,3,2.64758,24.2635,0.000660094
24.7477,3,2.66413,24.9582,0.000675186
25.4598,3,2.68079,25.663,0.000690415
26.182,3,2.69756,26.3779,0.000705846
26.9143,3,2.71444,27.103,0.000721444
27.6567,3,2.73142,27.8381,0.00073723
28.4092,3,2.74852,28.5834,0.000753186
29.1718,3,2.76572,29.3388,0.000769329
29.9445,3,2.78303,30.1044,0.000785661
30.7273,3,2.80045,30.88,0.000802142
31.5202,3,2.81797,31.6658,0.000818849
32.3233,3,2.8356,32.4618,0.000837498
33.1364,3,2.85333,33.2678,0.000855241
33.9596,3,2.87116,34.084,0.00087319
34.7929,3,2.8891,34.9103,0.000890617
35.6363,3,2.90714,35.7467,0.000908379
36.4898,3,2.92529,36.5933,0.000925876
37.3534,3,2.94353,37.45,0.000943687
38.2271,3,2.96188,38.3169,0.000961411
39.1109,3,2.98033,39.1938,0.000979396
40.0048,3,2.99888,40.0809,0.000997388
40.9089,3,3.01753,40.9782,0.00101567
41.823,3,3.03628,41.8855,0.00103394
42.7472,3,3.05514,42.803,0.00105246
43.6815,3,3.07409,43.7306,0.00107099
44.6259,3,3.09314,44.6684,0.00108974
45.5804,3,3.11229,45.6163,0.00110862
46.545,3,3.13154,46.5743,0.00112762
47.5198,3,3.15089,47.5425,0.00114677
48.5046,3,3.17034,48.5208,0.00116605
49.4995,3,3.18989,49.5092,0.00118554
50.5045,3,3.20954,50.5078,0.00123412
51.5196,3,3.22929,51.5165,0.00125443
52.5449,3,3.24913,52.5354,0.00124286
53.5802,3,3.26907,53.5643,0.00126225
54.6256,3,3.2891,54.6034,0.00128156
55.6811,3,3.30924,55.6527,0.00130102
56.7468,3,3.32948,56.7121,0.00132055
57.8225,3,3.34981,57.7816,0.00134021
58.9083,3,3.37024,58.8612,0.00135999
60.0042,3,3.39077,59.951,0.00137994
61.1103,3,3.4114,61.0509,0.00139991
62.2264,3,3.43213,62.161,0.00141995
63.3526,3,3.45296,63.2812,0.00144009
64.4889,3,3.47388,64.4115,0.00146035
65.6354,3,3.49491,65.552,0.00148064
66.7919,3,3.51603,66.7026,0.001501
67.9585,3,3.53726,67.8633,0.00152145
69.1353,3,3.55858,69.0342,0.00154198
70.3221,3,3.58,70.2152,0.00156254
71.519,3,3.60152,71.4063,0.00158317
72.7261,3,3.62314,72.6075,0.00160389
73.9432,3,3.64486,73.8189,0.00162469
75.1704,3,3.66668,75.0405,0.0016456
76.4078,3,3.6886,76.2721,0.00166665
77.6552,3,3.71062,77.5139,0.00168779
78.9128,3,3.73274,78.7659,0.00170902
80.1804,3,3.75495,80.0279,0.00173037
81.4581,3,3.77727,81.3001,0.00175189
82.746,3,3.7997,82.5825,0.00177363
84.0439,3,3.82222,83.8749,0.00179573
85.352,3,3.84484,85.1775,0.00181846
86.6701,3,3.86757,86.4902,0.00184232
87.9983,3,3.89039,87.8131,0.00186628
89.3367,3,3.91332,89.1461,0.00188717
90.6851,3,3.93635,90.4892,0.00190814
92.0437,3,3.95948,91.8425,0.0019292
93.4123,3,3.98272,93.2058,0.00195034
94.7911,3,4.00606,94.5793,0.00197157
96.1799,3,4.0295,95.963,0.00199291
97.5789,3,4.05305,97.3568,0.00201436
98.9879,3,4.0767,98.7607,0.00203593
100.407,3,4.10046,100.175,0.00205747
101.836,3,4.12432,101.599,0.00207905
103.276,3,4.14828,103.033,0.0021007
104.725,3,4.17236,104.478,0.00212234
106.185,3,4.19653,105.932,0.00214402
107.654,3,4.22082,107.397,0.00216576
109.134,3,4.24521,108.872,0.00218749
110.624,3,4.26971,110.356,0.00220926
112.124,3,4.29432,111.851,0.00223108
113.634,3,4.31903,113.357,0.00225291
115.154,3,4.34386,114.872,0.00227478
116.684,3,4.36879,116.397,0.0022967
118.225,3,4.39384,117.933,0.00231865
119.775,3,4.41899,119.479,0.00234065
121.336,3,4.44425,121.034,0.00236272
122.906,3,4.46963,122.6,0.00238484
124.487,3,4.49512,124.176,0.00240703
126.078,3,4.52072,125.762,0.00242931
127.679,3,4.54643,127.359,0.00245168
129.29,3,4.57226,128.965,0.00247416
130.911,3,4.5982,130.582,0.00249677
132.542,3,4.62425,132.208,0.00251953
134.184,3,4.65042,133.845,0.00254246
135.835,3,4.67671,135.492,0.00256559
137.497,3,4.70311,137.149,0.00258896
139.169,3,4.72963,138.816,0.00261261
140.85,3,4.75627,140.493,0.00263658
142.542,3,4.78302,142.18,0.00266093
144.244,3,4.8099,143.878,0.00268571
145.956,3,4.83689,145.585,0.00271101
147.678,3,4.864,147.303,0.00273692
149.411,3,4.89124,149.031,0.00276353
151.153,3,4.91859,150.769,0.00279096
152.905,3,4.94607,152.517,0.00281936
154.668,3,4.97367,154.275,0.0028489
156.441,3,5.00139,156.043,0.00287977
158.223,3,5.02924,157.822,0.00291223
160.016,3,5.05721,159.61,0.00294657
161.819,3,5.0853,161.409,0.00298315
163.632,3,5.11353,163.217,0.00302241
165.456,3,5.14187,165.036,0.00306491
167.289,3,5.17035,166.865,0.00311137
169.132,3,5.19895,168.704,0.00316271
170.986,3,5.22768,170.553,0.00322015
172.849,3,5.25654,172.412,0.00328536
174.723,3,5.28552,174.281,0.0033606
176.607,3,5.31464,176.161,0.00344909
178.501,3,5.34388,178.05,0.00355539
180.405,3,5.37326,179.95,0.00368618
182.319,3,5.40277,181.86,0.0038513
184.243,3,5.43241,183.779,0.00406547
186.177,3,5.46218,185.709,0.00435092
188.122,3,5.49208,187.649,0.00474153
190.076,3,5.52212,189.599,0.00528918
192.041,3,5.5523,191.56,0.00607383
194.015,3,5.5826,193.53,0.00721899
196,3,5.61305,195.51,0.00891597
197.995,3,5.64363,197.501,0.0114624
200,3,5.67434,199.501,0.0153211
0.001,4,2.6305,1.93896,7.21343e-08
0.00605035,4,2.63066,1.94391,5.34538e-09
0.0212014,4,2.63114,1.95879,6.07872e-09
0.0464532,4,2.63194,1.98357,6.59024e-09
0.0818056,4,2.63305,2.01827,1.1502e-07
0.127259,4,2.63447,2.0629,1.47864e-07
0.182813,4,2.63621,2.11745,1.81622e-07
0.248467,4,2.63826,2.18192,2.12796e-07
0.324223,4,2.64061,2.25631,2.75025e-07
0.410079,4,2.64327,2.34063,3.37721e-07
0.506035,4,2.64625,2.43488,3.80448e-07
0.612093,4,2.64951,2.53907,6.53901e-07
0.728251,4,2.65308,2.65318,1.02526e-06
0.85451,4,2.65693,2.77725,1.26299e-06
0.990869,4,2.66108,2.91125,1.42846e-06
1.13733,4,2.66549,3.05521,1.70647e-06
1.29389,4,2.67021,3.20912,2.1177e-06
1.46055,4,2.67519,3.37298,2.83336e-06
1.63731,4,2.68045,3.54681,2.90421e-06
1.82418,4,2.68598,3.73059,3.23917e-06
2.02114,4,2.69178,3.92435,4.48435e-06
2.22821,4,2.69782,4.12809,5.15809e-06
2.44537,4,2.70412,4.3418,5.58454e-06
2.67264,4,2.71068,4.56549,7.11427e-06
2.91,4,2.71748,4.79918,8.08884e-06
3.15747,4,2.72453,5.04285,9.07041e-06
3.41504,4,2.73181,5.29651,1.05153e-05
3.68271,4,2.73934,5.56017,1.17914e-05
3.96048,4,2.7471,5.83382,1.39979e-05
4.24835,4,2.75507,6.1175,1.48109e-05
4.54632,4,2.76327,6.41119,1.80628e-05
4.85439,4,2.77169,6.71488,1.94847e-05
5.17256,4,2.78033,7.02859,2.10956e-05
5.50083,4,2.78919,7.35232,2.34965e-05
5.83921,4,2.79825,7.68607,2.84852e-05
6.18768,4,2.80751,8.02986,2.89589e-05
6.54626,4,2.81698,8.38368,3.2451e-05
6.91493,4,2.82665,8.74753,3.47514e-05
7.29371,4,2.83651,9.12142,3.77365e-05
7.68259,4,2.84657,9.50534,4.6623e-05
8.08156,4,2.85681,9.89931,4.5916e-05
8.49064,4,2.86725,10.3033,4.96955e-05
8.90982,4,2.87787,10.7174,5.34723e-05
9.3391,4,2.88867,11.1415,6.0805e-05
9.77848,4,2.89965,11.5757,6.47413e-05
10.228,4,2.91081,12.0199,6.7813e-05
10.6875,4,2.92214,12.4742,7.41632e-05
11.1572,4,2.93364,12.9385,8.39438e-05
11.637,4,2.94532,13.4129,8.5386e-05
12.1269,4,2.95716,13.8974,8.99928e-05
12.6269,4,2.96917,14.392,9.82899e-05
13.137,4,2.98134,14.8966,0.000105422
13.6572,4,2.99367,15.4113,0.000108935
14.1874,4,3.00616,15.936,0.000116198
14.7278,4,3.01881,16.4709,0.000124443
15.2783,4,3.03161,17.0158,0.000129797
15.8389,4,3.04457,17.5708,0.000136609
16.4096,4,3.05767,18.1358,0.000145205
16.9904,4,3.07093,18.711,0.000153736
17.5813,4,3.08434,19.2962,0.000164518
18.1823,4,3.09789,19.8916,0.000168697
18.7934,4,3.11159,20.497,0.000178092
19.4146,4,3.12543,21.1125,0.000187874
20.0458,4,3.13942,21.7381,0.00019399
20.6872,4,3.15355,22.3738,0.000203911
21.3387,4,3.16782,23.0196,0.000212821
22.0003,4,3.18223,23.6754,0.000220959
22.672,4,3.19677,24.3414,0.000230919
23.3538,4,3.21145,25.0175,0.00023989
24.0457,4,3.22627,25.7036,0.000249325
24.7477,4,3.24122,26.3999,0.000259109
25.4598,4,3.25631,27.1063,0.000268738
26.182,4,3.27152,27.8227,0.000278782
26.9143,4,3.28687,28.5493,0.00028889
27.6567,4,3.30235,29.286,0.000299219
28.4092,4,3.31795,30.0328,0.000309609
29.1718,4,3.33369,30.7896,0.000320228
29.9445,4,3.34955,31.5566,0.000331126
30.7273,4,3.36554,32.3337,0.000341869
31.5202,4,3.38165,33.1209,0.00035311
32.3233,4,3.39788,33.9182,0.000370238
33.1364,4,3.41424,34.7257,0.000380495
33.9596,4,3.43073,35.5432,0.000393281
34.7929,4,3.44734,36.3708,0.000404151
35.6363,4,3.46407,37.2086,0.00041686
36.4898,4,3.48092,38.0565,0.00042836
37.3534,4,3.4979,38.9144,0.000441048
38.2271,4,3.515,39.7825,0.000453098
39.1109,4,3.53221,40.6607,0.000465873
40.0048,4,3.54955,41.549,0.000478307
40.9089,4,3.56701,42.4475,0.00049157
41.823,4,3.58458,43.356,0.000504152
42.7472,4,3.60228,44.2747,0.000517424
43.6815,4,3.62009,45.2034,0.000530472
44.6259,4,3.63802,46.1423,0.00054392
45.5804,4,3.65607,47.0913,0.00055748
46.545,4,3.67424,48.0504,0.000570969
47.5198,4,3.69252,49.0197,0.000584711
48.5046,4,3.71091,49.999,0.00059854
49.4995,4,3.72943,50.9885,0.000612614
50.5045,4,3.74806,51.9881,0.000628487
51.5196,4,3.7668,52.9978,0.00064358
52.5449,4,3.78566,54.0176,0.000657216
53.5802,4,3.80464,55.0475,0.000671709
54.6256,4,3.82373,56.0876,0.000685996
55.6811,4,3.84293,57.1378,0.000700449
56.7468,4,3.86225,58.1981,0.000714991
57.8225,4,3.88169,59.2685,0.000729703
58.9083,4,3.90124,60.349,0.000744503
60.0042,4,3.9209,61.4397,0.000759798
61.1103,4,3.94068,62.5405,0.000774716
62.2264,4,3.96057,63.6513,0.000789856
63.3526,4,3.98057,64.7724,0.00080512
64.4889,4,4.00069,65.9035,0.000820717
65.6354,4,4.02092,67.0447,0.000836079
66.7919,4,4.04127,68.1961,0.000851615
67.9585,4,4.06173,69.3576,0.000867331
69.1353,4,4.0823,70.5292,0.000883198
70.3221,4,4.10299,71.7109,0.000898973
71.519,4,4.12379,72.9028,0.000914909
72.7261,4,4.14471,74.1048,0.000931011
73.9432,4,4.16573,75.3169,0.000947156
75.1704,4,4.18688,76.5391,0.000963329
76.4078,4,4.20813,77.7714,0.000979662
77.6552,4,4.2295,79.0138,0.000996106
78.9128,4,4.25099,80.2664,0.00101259
80.1804,4,4.27258,81.5291,0.00102917
81.4581,4,4.29429,82.8019,0.00104589
82.746,4,4.31612,84.0848,0.00106268
84.0439,4,4.33806,85.3779,0.00107959
85.352,4,4.36011,86.681,0.00109666
86.6701,4,4.38228,87.9943,0.00111694
87.9983,4,4.40457,89.3177,0.00114241
89.3367,4,4.42696,90.6512,0.00115893
90.6851,4,4.44948,91.9949,0.00117556
92.0437,4,4.47211,93.3486,0.0011923
93.4123,4,4.49485,94.7125,0.00120913
94.7911,4,4.51772,96.0865,0.00122606
96.1799,4,4.5407,97.4706,0.00124309
97.5789,4,4.56379,98.8648,0.00126041
98.9879,4,4.58701,100.269,0.00127821
100.407,4,4.61034,101.684,0.00129547
101.836,4,4.63379,103.108,0.00131301
103.276,4,4.65735,104.543,0.00133092
104.725,4,4.68104,105.988,0.0013484
106.185,4,4.70484,107.443,0.00136616
107.654,4,4.72876,108.908,0.00138414
109.134,4,4.75281,110.383,0.00140184
110.624,4,4.77697,111.868,0.00141979
112.124,4,4.80125,113.363,0.00143784
113.634,4,4.82565,114.869,0.00145574
115.154,4,4.85017,116.384,0.00147384
116.684,4,4.87482,117.91,0.00149197
118.225,4,4.89958,119.446,0.00151007
119.775,4,4.92447,120.992,0.0015283
121.336,4,4.94948,122.548,0.00154655
122.906,4,4.97461,124.114,0.00156482
124.487,4,4.99987,125.69,0.00158318
126.078,4,5.02525,127.277,0.00160157
127.679,4,5.05075,128.873,0.00162002
129.29,4,5.07638,130.48,0.00163854
130.911,4,5.10214,132.096,0.00165711
132.542,4,5.12801,133.723,0.00167576
134.184,4,5.15402,135.36,0.00169448
135.835,4,5.18015,137.007,0.00171329
137.497,4,5.20641,138.664,0.00173219
139.169,4,5.23279,140.332,0.00175121
140.85,4,5.2593,142.009,0.00177034
142.542,4,5.28594,143.696,0.00178961
144.244,4,5.31271,145.394,0.00180904
145.956,4,5.33961,147.102,0.00182865
147.678,4,5.36664,148.819,0.00184848
149.411,4,5.39379,150.547,0.00186855
151.153,4,5.42108,152.285,0.0018889
152.905,4,5.4485,154.033,0.00190959
154.668,4,5.47605,155.791,0.00193067
156.441,4,5.50373,157.56,0.00195219
158.223,4,5.53154,159.338,0.00197426
160.016,4,5.55949,161.126,0.00199695
161.819,4,5.58757,162.925,0.00202039
163.632,4,5.61578,164.734,0.00204471
165.456,4,5.64413,166.552,0.00207009
167.289,4,5.67261,168.381,0.00209674
169.132,4,5.70122,170.22,0.00212494
170.986,4,5.72997,172.069,0.00215505
172.849,4,5.75886,173.929,0.00218752
174.723,4,5.78788,175.798,0.00222296
176.607,4,5.81705,177.677,0.00226223
178.501,4,5.84634,179.567,0.00230651
180.405,4,5.87578,181.466,0.00235746
182.319,4,5.90536,183.376,0.00241749
184.243,4,5.93507,185.296,0.00249018
186.177,4,5.96493,187.225,0.00258081
188.122,4,5.99493,189.165,0.00269744
190.076,4,6.02507,191.115,0.00285224
192.041,4,6.05536,193.075,0.00306433
194.015,4,6.08579,195.046,0.00336334
196,4,6.11637,197.026,0.00379197
197.995,4,6.1471,199.016,0.00442232
200,4,6.17799,201.017,0.0649766
0.001,5,3.50782,4.67886,7.34138e-10
0.00605035,5,3.50794,4.68386,5.44861e-11
0.0212014,5,3.50829,4.69885,6.19292e-11
0.0464532,5,3.50889,4.72384,6.71436e-11
0.0818056,5,3.50972,4.75883,1.54054e-09
0.127259,5,3.51079,4.80381,1.98627e-09
0.182813,5,3.51209,4.85879,2.44421e-09
0.248467,5,3.51363,4.92377,2.86701e-09
0.324223,5,3.5154,4.99875,3.71233e-09
0.410079,5,3.51741,5.08372,4.56416e-09
0.506035,5,3.51965,5.1787,5.14451e-09
0.612093,5,3.52212,5.28368,1.04487e-08
0.728251,5,3.52482,5.39866,1.77736e-08
0.85451,5,3.52776,5.52364,2.24112e-08
0.990869,5,3.53092,5.65863,2.56299e-08
1.13733,5,3.53431,5.80362,3.12066e-08
1.29389,5,3.53793,5.95862,3.95581e-08
1.46055,5,3.54177,6.12363,5.41459e-08
1.63731,5,3.54583,6.29865,5.476e-08
1.82418,5,3.55012,6.48367,6.29637e-08
2.02114,5,3.55463,6.67872,9.57306e-08
2.22821,5,3.55936,6.88377,1.1427e-07
2.44537,5,3.5643,7.09885,1.29105e-07
2.67264,5,3.56946,7.32394,1.75882e-07
2.91,5,3.57483,7.55905,2.09551e-07
3.15747,5,3.58042,7.80418,2.38137e-07
3.41504,5,3.58623,8.05932,2.87444e-07
3.68271,5,3.59223,8.3245,3.20992e-07
3.96048,5,3.59845,8.5997,4.00553e-07
4.24835,5,3.60487,8.88493,4.21013e-07
4.54632,5,3.61149,9.18019,5.432e-07
4.85439,5,3.61832,9.48548,5.97108e-07
5.17256,5,3.62535,9.8008,6.61037e-07
5.50083,5,3.63257,10.1262,7.73088e-07
5.83921,5,3.64,10.4616,9.84253e-07
6.18768,5,3.64762,10.807,1.01615e-06
6.54626,5,3.65543,11.1625,1.17456e-06
6.91493,5,3.66343,11.528,1.3127e-06
7.29371,5,3.67162,11.9035,1.49675e-06
7.68259,5,3.68001,12.2891,1.88623e-06
8.08156,5,3.68858,12.6848,1.96352e-06
8.49064,5,3.69734,13.0905,2.13661e-06
8.90982,5,3.70628,13.5062,2.43561e-06
9.3391,5,3.7154,13.932,2.74869e-06
9.77848,5,3.7247,14.3678,3.12641e-06
10.228,5,3.73419,14.8137,3.33697e-06
10.6875,5,3.74385,15.2697,3.70827e-06
11.1572,5,3.75368,15.7357,4.49949e-06
11.637,5,3.76369,16.2118,4.53592e-06
12.1269,5,3.77387,16.6979,5.04447e-06
12.6269,5,3.78422,17.1941,5.77413e-06
13.137,5,3.79475,17.7004,6.33661e-06
13.6572,5,3.80545,18.2167,6.62579e-06
14.1874,5,3.81631,18.7431,7.30915e-06
14.7278,5,3.82733,19.2795,7.99357e-06
15.2783,5,3.83852,19.8261,9.15301e-06
15.8389,5,3.84988,20.3827,9.63223e-06
16.4096,5,3.8614,20.9493,1.01978e-05
16.9904,5,3.87308,21.5261,1.12232e-05
17.5813,5,3.88492,22.1129,1.23408e-05
18.1823,5,3.89692,22.7098,1.34128e-05
18.7934,5,3.90908,23.3167,1.44075e-05
19.4146,5,3.92139,23.9338,1.53422e-05
20.0458,5,3.93386,24.5609,1.65464e-05
20.6872,5,3.94648,25.1981,1.74778e-05
21.3387,5,3.95926,25.8453,1.87033e-05
22.0003,5,3.97218,26.5027,2.01723e-05
22.672,5,3.98526,27.1701,2.23938e-05
23.3538,5,3.9985,27.8477,2.39147e-05
24.0457,5,4.01188,28.5353,2.4652e-05
24.7477,5,4.02541,29.2329,2.61871e-05
25.4598,5,4.03909,29.9407,2.76291e-05
26.182,5,4.05291,30.6586,2.93926e-05
26.9143,5,4.06688,31.3865,3.17272e-05
27.6567,5,4.08099,32.1246,3.39438e-05
28.4092,5,4.09525,32.8727,3.53088e-05
29.1718,5,4.10965,33.6309,3.72119e-05
29.9445,5,4.1242,34.3992,4.10227e-05
30.7273,5,4.13889,35.1776,4.14536e-05
31.5202,5,4.15372,35.9661,4.42074e-05
32.3233,5,4.16869,36.7647,4.68528e-05
33.1364,5,4.18381,37.5733,4.87793e-05
33.9596,5,4.19906,38.3921,5.19581e-05
34.7929,5,4.21445,39.221,5.4548e-05
35.6363,5,4.22998,40.0599,5.6684e-05
36.4898,5,4.24565,40.909,5.97835e-05
37.3534,5,4.26145,41.7681,6.24012e-05
38.2271,5,4.27739,42.6373,6.56503e-05
39.1109,5,4.29347,43.5167,6.88037e-05
40.0048,5,4.30968,44.4061,7.14324e-05
40.9089,5,4.32603,45.3057,7.81696e-05
41.823,5,4.34252,46.2153,7.82226e-05
42.7472,5,4.35914,47.135,8.18675e-05
43.6815,5,4.37589,48.0648,8.53182e-05
44.6259,5,4.39278,49.0048,8.94247e-05
45.5804,5,4.4098,49.9548,9.44549e-05
46.545,5,4.42695,50.9149,9.62278e-05
47.5198,5,4.44424,51.8852,0.000100189
48.5046,5,4.46165,52.8655,0.000104322
49.4995,5,4.4792,53.8559,0.000109249
50.5045,5,4.49689,54.8565,0.000112943
51.5196,5,4.5147,55.8671,0.000116432
52.5449,5,4.53264,56.8878,0.000120911
53.5802,5,4.55072,57.9187,0.000125906
54.6256,5,4.56892,58.9596,0.000130311
55.6811,5,4.58726,60.0107,0.000134209
56.7468,5,4.60572,61.0718,0.000138833
57.8225,5,4.62432,62.1431,0.000144068
58.9083,5,4.64304,63.2244,0.00014888
60.0042,5,4.6619,64.3159,0.000157456
61.1103,5,4.68088,65.4175,0.000159117
62.2264,5,4.7,66.5291,0.000163946
63.3526,5,4.71924,67.6509,0.000169592
64.4889,5,4.73861,68.7828,0.000177107
65.6354,5,4.75811,69.9248,0.000179854
66.7919,5,4.77774,71.0769,0.000185181
67.9585,5,4.7975,72.2391,0.000191592
69.1353,5,4.81739,73.4114,0.000197867
70.3221,5,4.83741,74.5938,0.000201869
71.519,5,4.85755,75.7863,0.000207874
72.7261,5,4.87783,76.9889,0.000214476
73.9432,5,4.89823,78.2016,0.000220016
75.1704,5,4.91876,79.4244,0.000225238
76.4078,5,4.93942,80.6573,0.000231759
77.6552,5,4.96021,81.9003,0.000238107
78.9128,5,4.98113,83.1535,0.000243685
80.1804,5,5.00218,84.4167,0.000249904
81.4581,5,5.02336,85.6901,0.000256545
82.746,5,5.04466,86.9735,0.000262654
84.0439,5,5.0661,88.267,0.000268883
85.352,5,5.08766,89.5707,0.00027559
86.6701,5,5.10935,90.8845,0.000282225
87.9983,5,5.13117,92.2083,0.000288993
89.3367,5,5.15313,93.5423,0.000295738
90.6851,5,5.17521,94.8864,0.000302562
92.0437,5,5.19742,96.2405,0.000309485
93.4123,5,5.21976,97.6048,0.000316386
94.7911,5,5.24223,98.9792,0.000323345
96.1799,5,5.26483,100.364,0.000330436
97.5789,5,5.28756,101.758,0.000339311
98.9879,5,5.31043,103.163,0.000350109
100.407,5,5.33342,104.578,0.000352204
101.836,5,5.35654,106.003,0.000361238
103.276,5,5.3798,107.438,0.000371126
104.725,5,5.40319,108.883,0.000374495
106.185,5,5.42671,110.338,0.000383671
107.654,5,5.45036,111.803,0.000392564
109.134,5,5.47414,113.279,0.000397339
110.624,5,5.49806,114.764,0.000406412
112.124,5,5.52211,116.26,0.000414467
113.634,5,5.54629,117.765,0.000420534
115.154,5,5.57061,119.281,0.000429365
116.684,5,5.59506,120.807,0.00043701
118.225,5,5.61964,122.343,0.000444094
119.775,5,5.64436,123.889,0.000452555
121.336,5,5.66921,125.445,0.000460126
122.906,5,5.6942,127.012,0.000467815
124.487,5,5.71932,128.588,0.000476014
126.078,5,5.74457,130.175,0.000483777
127.679,5,5.76997,131.771,0.00049178
129.29,5,5.79549,133.378,0.000499948
130.911,5,5.82116,134.995,0.000507881
132.542,5,5.84696,136.622,0.000515969
134.184,5,5.8729,138.259,0.000524116
135.835,5,5.89897,139.906,0.000532244
137.497,5,5.92518,141.563,0.000540467
139.169,5,5.95153,143.23,0.000548737
140.85,5,5.97802,144.907,0.00055696
142.542,5,6.00465,146.595,0.000565248
144.244,5,6.03142,148.292,0.000573594
145.956,5,6.05832,150,0.000581974
147.678,5,6.08537,151.718,0.000590423
149.411,5,6.11255,153.446,0.000598898
151.153,5,6.13988,155.184,0.000607387
152.905,5,6.16735,156.932,0.000615952
154.668,5,6.19495,158.69,0.000624579
156.441,5,6.2227,160.458,0.000633284
158.223,5,6.2506,162.236,0.000642059
160.016,5,6.27863,164.025,0.000650886
161.819,5,6.30681,165.823,0.000659808
163.632,5,6.33514,167.632,0.000668844
165.456,5,6.3636,169.45,0.000678011
167.289,5,6.39222,171.279,0.000687321
169.132,5,6.42097,173.118,0.000696776
170.986,5,6.44988,174.967,0.000706423
172.849,5,6.47893,176.826,0.000716313
174.723,5,6.50813,178.695,0.000726497
176.607,5,6.53748,180.574,0.000737035
178.501,5,6.56697,182.463,0.00074807
180.405,5,6.59662,184.363,0.000759667
182.319,5,6.62642,186.272,0.000771812
184.243,5,6.65636,188.191,0.000785094
186.177,5,6.68647,190.121,0.000799527
188.122,5,6.71672,192.061,0.000815937
190.076,5,6.74713,194.01,0.000834731
192.041,5,6.77769,195.97,0.000859028
194.015,5,6.80841,197.94,0.000892855
196,5,6.83928,199.92,0.000923272
197.995,5,6.87032,201.91,0.000976481
200,5,6.90151,203.91,0.0482172
0.001,6,4.66157,10.0064,2.99124e-12
0.00605035,6,4.66167,10.0114,2.22233e-13
0.0212014,6,4.66196,10.0265,2.52504e-13
0.0464532,6,4.66246,10.0516,2.73773e-13
0.0818056,6,4.66315,10.0867,7.78552e-12
0.127259,6,4.66404,10.1318,1.00562e-11
0.182813,6,4.66513,10.187,1.23884e-11
0.248467,6,4.66641,10.2523,1.45415e-11
0.324223,6,4.66789,10.3275,1.88503e-11
0.410079,6,4.66956,10.4128,2.31928e-11
0.506035,6,4.67144,10.5082,2.61507e-11
0.612093,6,4.67351,10.6136,6.12951e-11
0.728251,6,4.67577,10.729,1.10263e-10
0.85451,6,4.67823,10.8544,1.41084e-10
0.990869,6,4.68088,10.9899,1.62444e-10
1.13733,6,4.68373,11.1355,2.0005e-10
1.29389,6,4.68678,11.2911,2.56726e-10
1.46055,6,4.69001,11.4567,3.55905e-10
1.63731,6,4.69344,11.6323,3.57255e-10
1.82418,6,4.69706,11.818,4.19988e-10
2.02114,6,4.70088,12.0137,6.92087e-10
2.22821,6,4.70489,12.2195,8.51029e-10
2.44537,6,4.70908,12.4353,9.9395e-10
2.67264,6,4.71347,12.6612,1.41842e-09
2.91,6,4.71805,12.8971,1.74158e-09
3.15747,6,4.72282,13.1431,1.99468e-09
3.41504,6,4.72777,13.3991,2.46539e-09
3.68271,6,4.73291,13.6651,2.74516e-09
3.96048,6,4.73824,13.9412,3.52174e-09
4.24835,6,4.74376,14.2273,3.68771e-09
4.54632,6,4.74945,14.5235,4.90704e-09
4.85439,6,4.75534,14.8297,5.50233e-09
5.17256,6,4.7614,15.146,6.22136e-09
5.50083,6,4.76765,15.4724,7.59713e-09
5.83921,6,4.77409,15.8087,9.92001e-09
6.18768,6,4.7807,16.1552,1.04644e-08
6.54626,6,4.7875,16.5117,1.2336e-08
6.91493,6,4.79448,16.8782,1.42905e-08
7.29371,6,4.80164,17.2548,1.68981e-08
7.68259,6,4.80897,17.6414,2.12454e-08
8.08156,6,4.81649,18.0381,2.32142e-08
8.49064,6,4.82418,18.4449,2.52712e-08
8.90982,6,4.83205,18.8617,2.9954e-08
9.3391,6,4.84009,19.2886,3.34308e-08
9.77848,6,4.84831,19.7255,3.96057e-08
10.228,6,4.8567,20.1725,4.27934e-08
10.6875,6,4.86527,20.6296,4.80474e-08
11.1572,6,4.874,21.0967,6.05228e-08
11.637,6,4.88291,21.5739,6.1114e-08
12.1269,6,4.89199,22.0611,7.02822e-08
12.6269,6,4.90124,22.5584,8.28368e-08
13.137,6,4.91067,23.0657,9.2597e-08
13.6572,6,4.92026,23.5832,9.83673e-08
14.1874,6,4.93002,24.1107,1.10799e-07
14.7278,6,4.93994,24.6482,1.23296e-07
15.2783,6,4.95003,25.1959,1.4655e-07
15.8389,6,4.96029,25.7535,1.584e-07
16.4096,6,4.97071,26.3213,1.68279e-07
16.9904,6,4.9813,26.8991,1.89567e-07
17.5813,6,4.99205,27.487,2.16139e-07
18.1823,6,5.00296,28.085,2.38099e-07
18.7934,6,5.01404,28.693,2.63536e-07
19.4146,6,5.02528,29.3112,2.83731e-07
20.0458,6,5.03668,29.9393,3.13056e-07
20.6872,6,5.04824,30.5776,3.42624e-07
21.3387,6,5.05996,31.2259,3.66487e-07
22.0003,6,5.07184,31.8843,4.12838e-07
22.672,6,5.08388,32.5528,4.67087e-07
23.3538,6,5.09608,33.2314,4.98869e-07
24.0457,6,5.10843,33.92,5.37856e-07
24.7477,6,5.12094,34.6187,5.82699e-07
25.4598,6,5.13361,35.3275,6.22212e-07
26.182,6,5.14643,36.0463,6.7043e-07
26.9143,6,5.15941,36.7753,7.69147e-07
27.6567,6,5.17254,37.5143,8.1223e-07
28.4092,6,5.18583,38.2634,8.63854e-07
29.1718,6,5.19927,39.0226,9.26497e-07
29.9445,6,5.21286,39.7918,1.08371e-06
30.7273,6,5.22661,40.5712,1.07533e-06
31.5202,6,5.24051,41.3606,1.16498e-06
32.3233,6,5.25457,42.1601,1.27057e-06
33.1364,6,5.26877,42.9696,1.37347e-06
33.9596,6,5.28313,43.7893,1.51476e-06
34.7929,6,5.29763,44.6191,1.56089e-06
35.6363,6,5.31228,45.4589,1.64707e-06
36.4898,6,5.32709,46.3088,1.78897e-06
37.3534,6,5.34204,47.1688,1.90789e-06
38.2271,6,5.35714,48.0389,2.10512e-06
39.1109,6,5.3724,48.919,2.21464e-06
40.0048,6,5.3878,49.8093,2.35126e-06
40.9089,6,5.40335,50.7096,2.515e-06
41.823,6,5.41904,51.62,2.61693e-06
42.7472,6,5.43489,52.5405,2.79821e-06
43.6815,6,5.45088,53.4711,3.01386e-06
44.6259,6,5.46701,54.4118,3.3149e-06
45.5804,6,5.48329,55.3626,3.36194e-06
46.545,6,5.49972,56.3234,3.5361e-06
47.5198,6,5.5163,57.2944,3.76918e-06
48.5046,6,5.53302,58.2754,4.01169e-06
49.4995,6,5.54989,59.2665,4.23676e-06
50.5045,6,5.5669,60.2677,4.46724e-06
51.5196,6,5.58405,61.279,4.66396e-06
52.5449,6,5.60136,62.3004,5.17332e-06
53.5802,6,5.6188,63.3319,5.28194e-06
54.6256,6,5.63639,64.3734,5.61105e-06
55.6811,6,5.65413,65.4251,5.77352e-06
56.7468,6,5.672,66.4868,6.06497e-06
57.8225,6,5.69003,67.5587,6.40914e-06
58.9083,6,5.70819,68.6406,6.73834e-06
60.0042,6,5.7265,69.7326,7.13912e-06
61.1103,6,5.74495,70.8347,7.3748e-06
62.2264,6,5.76355,71.9469,8.00866e-06
63.3526,6,5.78229,73.0691,8.52355e-06
64.4889,6,5.80117,74.2015,8.67471e-06
65.6354,6,5.8202,75.344,8.9142e-06
66.7919,6,5.83937,76.4965,9.32374e-06
67.9585,6,5.85868,77.6592,9.78676e-06
69.1353,6,5.87813,78.8319,1.02677e-05
70.3221,6,5.89773,80.0147,1.06592e-05
71.519,6,5.91747,81.2076,1.12336e-05
72.7261,6,5.93735,82.4106,1.19197e-05
73.9432,6,5.95738,83.6237,1.2284e-05
75.1704,6,5.97755,84.8469,1.25948e-05
76.4078,6,5.99786,86.0802,1.3093e-05
77.6552,6,6.01831,87.3235,1.42489e-05
78.9128,6,6.03891,88.577,1.43133e-05
80.1804,6,6.05965,89.8405,1.48198e-05
81.4581,6,6.08053,91.1142,1.55375e-05
82.746,6,6.10156,92.3979,1.62366e-05
84.0439,6,6.12272,93.6917,1.66904e-05
85.352,6,6.14403,94.9956,1.71925e-05
86.6701,6,6.16549,96.3096,1.80981e-05
87.9983,6,6.18708,97.6337,1.8811e-05
89.3367,6,6.20882,98.9679,1.92391e-05
90.6851,6,6.23071,100.312,1.99877e-05
92.0437,6,6.25273,101.666,2.08054e-05
93.4123,6,6.2749,103.031,2.14423e-05
94.7911,6,6.29722,104.405,2.20477e-05
96.1799,6,6.31967,105.79,2.29894e-05
97.5789,6,6.34227,107.185,2.41161e-05
98.9879,6,6.36502,108.59,2.52164e-05
100.407,6,6.38791,110.005,2.53302e-05
101.836,6,6.41094,111.43,2.62641e-05
103.276,6,6.43412,112.865,2.70591e-05
104.725,6,6.45744,114.31,2.77762e-05
106.185,6,6.4809,115.765,2.89092e-05
107.654,6,6.50451,117.23,3.01534e-05
109.134,6,6.52827,118.706,3.09327e-05
110.624,6,6.55217,120.191,3.15418e-05
112.124,6,6.57622,121.687,3.25245e-05
113.634,6,6.60041,123.193,3.33557e-05
115.154,6,6.62474,124.708,3.44261e-05
116.684,6,6.64923,126.234,3.57146e-05
118.225,6,6.67386,127.77,3.67504e-05
119.775,6,6.69863,129.316,3.7539e-05
121.336,6,6.72355,130.872,3.85119e-05
122.906,6,6.74862,132.439,3.94788e-05
124.487,6,6.77384,134.015,4.06016e-05
126.078,6,6.7992,135.601,4.19354e-05
127.679,6,6.82471,137.198,4.30967e-05
129.29,6,6.85037,138.804,4.48298e-05
130.911,6,6.87617,140.421,4.56683e-05
132.542,6,6.90213,142.048,4.62091e-05
134.184,6,6.92823,143.684,4.74468e-05
135.835,6,6.95448,145.331,4.88299e-05
137.497,6,6.98088,146.988,5.01872e-05
139.169,6,7.00743,148.655,5.17754e-05
140.85,6,7.03413,150.333,5.2637e-05
142.542,6,7.06098,152.02,5.34963e-05
144.244,6,7.08798,153.717,5.4861e-05
145.956,6,7.11513,155.425,5.6307e-05
147.678,6,7.14243,157.142,5.78269e-05
149.411,6,7.16989,158.87,5.91731e-05
151.153,6,7.19749,160.607,6.01329e-05
152.905,6,7.22525,162.355,6.13335e-05
154.668,6,7.25316,164.113,6.28116e-05
156.441,6,7.28122,165.881,6.43652e-05
158.223,6,7.30943,167.659,6.58506e-05
160.016,6,7.3378,169.447,6.70409e-05
161.819,6,7.36633,171.245,6.82479e-05
163.632,6,7.395,173.053,6.97134e-05
165.456,6,7.42383,174.871,7.13116e-05
167.289,6,7.45282,176.7,7.28829e-05
169.132,6,7.48196,178.538,7.4223e-05
170.986,6,7.51126,180.387,7.55179e-05
172.849,6,7.54071,182.245,7.70226e-05
174.723,6,7.57032,184.114,7.86781e-05
176.607,6,7.60008,185.993,8.0332e-05
178.501,6,7.63001,187.881,8.24224e-05
180.405,6,7.66009,189.78,8.45537e-05
182.319,6,7.69033,191.689,8.4884e-05
184.243,6,7.72072,193.608,8.66528e-05
186.177,6,7.75128,195.538,8.84835e-05
188.122,6,7.78199,197.477,9.07088e-05
190.076,6,7.81286,199.426,9.2715e-05
192.041,6,7.84389,201.385,9.36789e-05
194.015,6,7.87508,203.355,9.58947e-05
196,6,7.90643,205.334,9.81262e-05
197.995,6,7.93794,207.324,0.000100966
200,6,7.96961,209.323,0.0116784
